site,url,title,date,author,views,likes,comment_count,related_url,shoppingmall,product_name,price,deliveryfee,article,comments
fm,https://www.fmkorea.com/7138477950,"[쿠팡] 벨킨 3in1 (139,120원) (무료)",2024.06.13 16:32,포켓몬헌터,8045,-6,33,https://link.coupang.com/a/bFs9Y6,쿠팡,벨킨 3in1,"139,120원",무료,,코멘트
fm,https://www.fmkorea.com/7138350735,"[지마켓] 무궁화 타임비누 90g x 18개 (9,800원) (무료)",2024.06.13 15:56,Amapai,8615,5,28,https://item.gmarket.co.kr/Item?goodscode=3455708755,지마켓,무궁화 타임비누 90g x 18개,"9,800원",무료,"비누 18개 9,800원 무배,개당 544원",코멘트
fm,https://www.fmkorea.com/7138267285,"[쿠팡] 허쉬 코코아 파우더 226g 2개, (쿠팡와우) (11,100원) (무료)",2024.06.13 15:34,코코쟈니,14536,6,57,https://link.coupang.com/a/bFsHXm,쿠팡,"허쉬 코코아 파우더 226g 2개, (쿠팡와우)","11,100원",무료,"허쉬 코코아 가루이고 역대가임,국내에서 파는 코코아가루와는 달리,당은 전혀 포함되어있지 않으므로 단맛 없이 코코아맛만 남,프로틴 무맛 쉐이크에 코코아맛을 첨가하는 용도로 사용한다거나,집에서 쿠키나 브라우니같은거 베이킹한다거나,여기에 스테비아등의 인공감미료를 첨가해 제로코코아 제로 아이스코코아등을 만들어 먹으면 좋음",코멘트
fm,https://www.fmkorea.com/7138197127,"[11번가 타임딜] LG 휘센 벽걸이에어컨 SQ06EA1WCS (482,680원) (무료(설치))",2024.06.13 15:15,김치치즈스무디,7408,10,66,http://www.11st.co.kr/products/6810575419,11번가 타임딜,LG 휘센 벽걸이에어컨 SQ06EA1WCS,"482,680원",무료(설치),"참고로 올해 여름 뒤지게 더울 예정,근데 전기료고지서 보면 땀 더 날지도…",코멘트
fm,https://www.fmkorea.com/7138184938,"[11번가] 신지모루 고속충전 케이블 1+1+1 (3,300원) (무료)",2024.06.13 15:09,스콜스는오브콜스,15026,5,43,https://www.11st.co.kr/products/1409113792,11번가,신지모루 고속충전 케이블 1+1+1,"3,300원",무료,,코멘트
fm,https://www.fmkorea.com/7138156263,"[쿠팡] 오뚜기 불고기 피자 (냉동), 396g, 3개 (9,840원) (로켓프레시1.5만)",2024.06.13 15:00,밐키판더벤,2965,4,26,https://link.coupang.com/a/bFsqSv,쿠팡,"오뚜기 불고기 피자 (냉동), 396g, 3개","9,840원",로켓프레시1.5만,,코멘트
fm,https://www.fmkorea.com/7138034341,"[인터파크] 만화쇼 슬램덩크/나루토/나히아 (26,250~) (2,500원)",2024.06.13 14:55,리우리,7023,9,16,https://shopping.interpark.com/product/productInfo.do?prdNo=15447508494&uaTp=1&,인터파크,만화쇼 슬램덩크/나루토/나히아,"26,250~","2,500원",,코멘트
fm,https://www.fmkorea.com/7138122946,"[리퍼] 삼성 오디세이 Neo G7 S43CG700 (599,000원) (무료)",2024.06.13 14:50,코코코니,7145,8,30,https://ojens.co.kr/product/detail.html?product_no=55,리퍼,삼성 오디세이 Neo G7 S43CG700,"599,000원",무료,"아니 리퍼 자체가 처음 나온것 같아서 들고옴 몇개인지도 몰겠음,28개까지는 담기는데 29개부터 안담기는거 봐서 28개인듯 ,저기 들가서 그냥 구매하기 누르지말고 밑에 네이버페이로 구매하기 누르셈,그냥도 5,990원 적립해주고,플러스 멤버십에 네이버페이로 선충전해서 결제하면,27,115원 적립임,599,000원 - 적립27,115원 = 571,885원,어제 삼탠바이미 인기 좋아서 계속 찾다가 하나 더 들고 와봄,게이밍 들고오는게 좋아? 스마트모니터 들고오는게 좋아?,의견 주고 추천도 한번씩 부탁해,, 나도 핫딜 가보고 싶어,,",코멘트
fm,https://www.fmkorea.com/7138108799,"[지마켓] 오미자 닭갈비 500g 4팩 (유클멤버) (16,660원) (무료)",2024.06.13 14:48,시네키노,3542,5,31,https://link.gmarket.co.kr/VWCd0vv5E,지마켓,오미자 닭갈비 500g 4팩 (유클멤버),"16,660원",무료,난 에어후라이로만 조리해서 먹는데 맛남,코멘트
fm,https://www.fmkorea.com/7138003513,"[인터파크] 스트라이덱스 핌플패드 맥시멈 스트랭쓰 90매 (11,230원) (무료배송)",2024.06.13 14:13,우니짱,12795,6,49,http://m.shop.interpark.com/product/15364156578/0000100000,인터파크,스트라이덱스 핌플패드 맥시멈 스트랭쓰 90매,"11,230원",무료배송,"한국에서 파는 초록색보다 더 강함 ,피지, 여드름, 등드름에 효과 ㄱㅊ,개기름 잡아주는 느낌이니 참고,농협카드 10,560원 . 삼성/롯데카드 10,670원",코멘트
fm,https://www.fmkorea.com/7137885227,"[쿠팡] 팔도 비락식혜 제로, 238ml, 24개 (10,400원) (무배)",2024.06.13 13:36,wakfu,9461,7,40,https://link.coupang.com/a/bFrKSM,쿠팡,"팔도 비락식혜 제로, 238ml, 24개","10,400원",무배,,코멘트
fm,https://www.fmkorea.com/7137851436,"[네이버쇼핑] 갤럭시탭 S9 울트라 256GB (1,147,620원) (무료)",2024.06.13 13:33,김치치즈스무디,12331,12,96,https://m.smartstore.naver.com/dadaminc/products/8926819550,네이버쇼핑,갤럭시탭 S9 울트라 256GB,"1,147,620원",무료,"ㅈㄴ게 복잡하네 인 줄 알았는데,들어가서 쿠폰 받고,가격표 아래 파워링크 버튼 있음,그거만 누르면 됨,+ 리뷰쓰면 편의점만원쿠폰 준댜,++ 지금 더 싸짐",코멘트
fm,https://www.fmkorea.com/7137860759,[kb pay] 롯데시네마 쿠폰 (13일 18시까지) (0원) (0원),2024.06.13 13:28,식용작물학,64692,89,162,https://m.liivmate.com/katsv4/kbpay/share.do?appId=https://m.liivmate.com/katsv4/kbpay/share.do/goEv?Z003714,kb pay,롯데시네마 쿠폰 (13일 18시까지),0원,0원,저는 7천원 관람권 나옴,코멘트
fm,https://www.fmkorea.com/7137844911,"[네이버] 유럽 샐러드 1kg (3~4종) (6,900원) (0원)",2024.06.13 13:25,히트만,12629,24,40,https://smartstore.naver.com/bangcook/products/10421913959,네이버,유럽 샐러드 1kg (3~4종),"6,900원",0원,,코멘트
fm,https://www.fmkorea.com/7137677454,[독일 아마존] 맨체스터 시티 어웨이 23 24 (39.92유로) (14.84유로),2024.06.13 12:46,러브포엠,22603,20,90,https://www.amazon.de/-/en/gp/product/B0C78455BN,독일 아마존,맨체스터 시티 어웨이 23 24,39.92유로,14.84유로,,코멘트
fm,https://www.fmkorea.com/7137603949,"[지마켓] 그라스블루 차량용 방향제 100ml 향 5종 택1 (13,930원) (무배)",2024.06.13 12:04,플라워바이러스,22378,21,97,https://item.gmarket.co.kr/Item?goodscode=2024297308,지마켓,그라스블루 차량용 방향제 100ml 향 5종 택1,"13,930원",무배,"향 다빠져서 살려고 봤는데 역대가라 올려봅니다.,1개당 6,965원 2개 13,930원 입니다.,달달한거 좋아하시면 블랙베리도 좋습니다,피치향 이건 새로나온 향인거같고 나머지향은 안써봐서 모르겠네요,유클 12%쿠폰 있으시면 13,540원 나와요",코멘트
fm,https://www.fmkorea.com/7137584578,"[쿠팡] 파나소닉 바디 트리머 ER-GK20(직구) (36,800원) (무료)",2024.06.13 12:00,민초파괴자,21866,15,94,https://www.coupang.com/vp/products/7033255900?itemId=17364536277&vendorItemId=88562326083&q=er-gk+29&itemsCount=36&searchId=22121fb9521741afb4dede99cd69c1d1&rank=3&isAddedCart=,쿠팡,파나소닉 바디 트리머 ER-GK20(직구),"36,800원",무료,,코멘트
fm,https://www.fmkorea.com/7137576035,"[쿠팡] 기가바이트 2024 어로스 16X 코어i7 인텔 14세대 지포스 RTX 4070 농협 하나 삼성카드 (1,737,190원) (무료)",2024.06.13 11:58,나그파,14366,4,30,https://link.coupang.com/a/bFq17M,쿠팡,기가바이트 2024 어로스 16X 코어i7 인텔 14세대 지포스 RTX 4070 농협 하나 삼성카드,"1,737,190원",무료,"코어i7-14650HX RTX 4070 패널 WQXGA 165Hz 400니트 스펙 윈미포,긱바에서 어로스가 상급라인이라서 패널 빌드퀄리티 좋음,후기 이벤트 열려있어서 후기쓰면 네이버페이 5만원 어로스포인트 5만원 주니까 살사람은 체크,https://www.aorus.com/ko-kr/explore/events/aorus06",코멘트
fm,https://www.fmkorea.com/7137550160,"[티몬] 쿠폰 추가) 하림 수비드 닭가슴살 4종 혼합 32팩 1팩당 1248원 // 오리지널맛 or 블랙페퍼 28팩 1팩당 1329원 (카카오페이 결제) (39,938원) (무료)",2024.06.13 11:56,리버풀FC제라드,9556,16,43,https://mobile.tmon.co.kr/deals/5502798698,티몬,쿠폰 추가) 하림 수비드 닭가슴살 4종 혼합 32팩 1팩당 1248원 // 오리지널맛 or 블랙페퍼 28팩 1팩당 1329원 (카카오페이 결제),"39,938원",무료,"37230원은 오리지날이나 블랙페퍼맛 28팩 (14+14),카카오페이 결제창까지 가야 저 값이 떠요,대신 혼합 16팩 1세트나 단일맛 14팩 1세트로는 추가 편성된 13퍼 할인 쿠폰 조건 달성이 안되고 2세트 이상 (혼합 32팩 / 단일 28팩 / 아니면 둘 다 섞어서 혼합 16+단일 14도 가능) 구매해야 합니다.,다행히 저 ""5만원 이상"" 조건은 할인 전 가격 기준이라 위와 같이 가능합니다.,전부터 보면 라이브 할인 쿠폰은 라이브 방송 시간 끝나고도 사용 가능했던거 같은데 쿠폰 발급 자체는 그 이후도 가능한지 몰겠습니다. 혹시 이후 시간은 발급 안될까봐 모바일로 대강이라도 글 올립니다,월루타임이라도 겹쳤으면 PC 환경에서 이전에 썼던 핫딜 글 복붙 딸깍해서 편히 올렸을텐데 하필 시간이 점심시간이랑 맞물려서... ,혹여나 제가 추가로 휘갈겨둔 제품 관련 코멘트 보고 싶으시면 아래의 이전 하림 핫딜글 링크들 보시면 될 것 같습니다,걍 뭐 어차피 하림 수비드 냉장은 원물닭 1티어라 긴 말 필요 없겠지만 혼합팩의 레몬맛은 호불호가 갈리니 주의가 필요하다는 점만 미리 함 더 덧붙이고 갑니다 ,소비기한은 문의 답변상 오피셜로는 제조 후 40일, 고객이 받는시점에선 최소 50퍼 이상 남은거 (20일 이상) 라고 써있긴한데 ,지금까지 제가 구매하면서 받았을 때 남은 기한 평균 값은 1달쯤이었습니다.,바빠서 오늘은 질문 댓 답글도 못 달아요~~~ 다들 잘 챙겨드시고 운동 열심히해서 득근하세요 ㅂㅂ,제품 관련 코멘트 참고용 이전 핫딜 글 링크,https://m.fmkorea.com/6926855595,https://m.fmkorea.com/6880353504,+ 이것도 하림 수비드 냉장 치고 싸게 나온 편이지만 두어 달 전에 라이브 쿠폰, 혼합 32팩 기준 1200언더인가 나온게 역대 최저가일겁니다. 1티어급 하림도 치킨싸움을 죠지는구나 싶을 정도로 말도 안되게 싼 값이었습니다 ㅋㅋ,저도 그때 보고 구매는 했지만 제가 올린건 아니라서 정확한 값은 기억 안나는데 궁금하심 핫딜게에 검색해서 구경해보심 될 듯",코멘트
fm,https://www.fmkorea.com/7137357945,"[네이버] 건조기용 피죤 시그니처 120매 X 2개 + 40매 (17,810원) (0원)",2024.06.13 11:54,히트만,2708,3,10,https://naver.me/5kqiFqYY,네이버,건조기용 피죤 시그니처 120매 X 2개 + 40매,"17,810원",0원,"옵션에서 향 고르면 되고 건조기 돌릴때 쓰는거지만,신발장이나 옷장, 서랍 등에 넣어서 활용가능하니 참고",코멘트
fm,https://www.fmkorea.com/7137564708,"[네이버] 지도표 성경 올리브녹차 도시락김 4g 16봉+16봉(총32봉) (10,900원) (무료)",2024.06.13 11:53,까나뿌끼,3809,1,11,https://brand.naver.com/sgkimmall/products/4603622927?NaPm=ct%3Dlxcnwtsw%7Cci%3D70f55a773d7bdc1a1173d6eb358719bcc1904b3b%7Ctr%3Donepl%7Csn%3D967582%7Chk%3D26ea27e811085cc14685893318186faf2717fb29&inflow_ext=%7B%22bc%22%3A%221429%22%2C%22as%22%3A%2227,네이버,지도표 성경 올리브녹차 도시락김 4g 16봉+16봉(총32봉),"10,900원",무료,,코멘트
fm,https://www.fmkorea.com/7137517580,"[지마켓] MSI 27인치 게이밍 모니터 비.농.하.스 (189,000원) (무료)",2024.06.13 11:37,태동이,13042,7,11,https://item.gmarket.co.kr/Item?goodsCode=3576811641,지마켓,MSI 27인치 게이밍 모니터 비.농.하.스,"189,000원",무료,스탠드 디자인도 무난해서 ㅊㅊ,코멘트
fm,https://www.fmkorea.com/7137518271,"[옥션] CGN 락토비프 프로바이오틱스 300억 유산균 60베지캡슐 2통 (35,090원) (무료)",2024.06.13 11:36,통신문란,4050,9,27,http://itempage3.auction.co.kr/DetailView.aspx?itemno=D304371272,옥션,CGN 락토비프 프로바이오틱스 300억 유산균 60베지캡슐 2통,"35,090원",무료,"20%쿠폰+카드할인 7% 까지해서 1통당 17,545원이라 싼맛에 먹기는 좋은듯,알미늄 개별포장이고 유튭보니 냉장보관해서 공복에 먹으면 좋다함",코멘트
fm,https://www.fmkorea.com/7137514505,"[청춘몰] 컬쳐랜드상품권5만원10%할인(kb나라사랑체크카드) (45,000원) (무료)",2024.06.13 11:34,한화롯데,4928,16,70,https://naralove.co.kr/m/shop/view.php?gs_id=59485,청춘몰,컬쳐랜드상품권5만원10%할인(kb나라사랑체크카드),"45,000원",무료,,코멘트
fm,https://www.fmkorea.com/7137494773,"[쿠팡] 2024년형 차이슨 무선 청소기 BLDC V50 자동충전 거치대 + 고사양 흡입력 + 유선청소기 증정 (179,000원) (무료)",2024.06.13 11:27,TERI.Y,15430,-9,26,https://link.coupang.com/a/bFqKwt,쿠팡,2024년형 차이슨 무선 청소기 BLDC V50 자동충전 거치대 + 고사양 흡입력 + 유선청소기 증정,"179,000원",무료,,코멘트
fm,https://www.fmkorea.com/7137489115,"[11번가] 아쿠아필드 하남/고양/안성 스파/워터파크 특가 (12,510원) (무료)",2024.06.13 11:24,하마융털,11582,6,14,http://11st.co.kr/products/pa/7218933328,11번가,아쿠아필드 하남/고양/안성 스파/워터파크 특가,"12,510원",무료,"대인 16,900원 소인 13,900원,워터파크(하남/안성) ,대인 30,900원 소인 21,900원,루프탑풀(고양) ,대인 24,900원 소인 19,900원,멀티패스(하남/고양/안성) ,대인 40,900원 소인 31,900원,여기에 KB카드할인 10% 가능",코멘트
fm,https://www.fmkorea.com/7137446598,"[11번가] LG 디오스 식기세척기 오브제컬렉션 DUE5BGL1 14인용 신한/국민 (936,700원) (무료)",2024.06.13 11:08,본인:,4821,0,12,http://www.11st.co.kr/products/6876586102/share,11번가,LG 디오스 식기세척기 오브제컬렉션 DUE5BGL1 14인용 신한/국민,"936,700원",무료,"엥간한 기능은 다 들어가있고 열풍건조만 빠졌다고 생각하면 됨,설치완료 후 전화 인증 시 소다산 식기세척기 린스 증정있음",코멘트
fm,https://www.fmkorea.com/7137392975,"[네이버] RAVER 오토바이 여름토시+우비 상하의 세트 (990원) (3,000원)",2024.06.13 10:46,현금16억,7945,-3,16,https://m.smartstore.naver.com/pocketbox/products/10254001734,네이버,RAVER 오토바이 여름토시+우비 상하의 세트,990원,"3,000원",,코멘트
fm,https://www.fmkorea.com/7137389087,"[지마켓] 올반 찰핫도그 80g 30봉 유클 (25,800원) (무료)",2024.06.13 10:44,대구리가르,1815,2,2,https://item.gmarket.co.kr/Item?goodscode=2237053510,지마켓,올반 찰핫도그 80g 30봉 유클,"25,800원",무료,"안에 치즈들어가있음,핫도그 옵션 여러개있음",코멘트
fm,https://www.fmkorea.com/7137388202,"[롯데온] 뽀로로음료 Big 제로 360ml 24개 밀크맛 딸기맛 (24,480원) (무)",2024.06.13 10:44,암란폭망햇두,4581,9,17,https://s.lotteon.com/h0_XAX30oS,롯데온,뽀로로음료 Big 제로 360ml 24개 밀크맛 딸기맛,"24,480원",무,"예전에 무지 달아서 좀 아쉬웟는데 제로 신작나와서,바로 구매 때리면서 공유합니다!,양이 늘고 햇지만 이번 출시라 가격이 좀쌔긴 하네요😭,예약구매 일정은 같이 올려둿으니 확인하세여!!",코멘트
fm,https://www.fmkorea.com/7137382258,"[쿠팡] 매일 두유 고단백, 190ml, 24개 (11,990원) (와우무료)",2024.06.13 10:41,이러면멋있어,7604,11,20,https://link.coupang.com/a/bFqvlc,쿠팡,"매일 두유 고단백, 190ml, 24개","11,990원",와우무료,"48개씩 살떄보다 비싸긴한데,소량필요하신분은 가격 괜찮습니다. ㅇㅇ",코멘트
fm,https://www.fmkorea.com/7137371945,"[롯데온] 크라켄 KRAKEN 360 RGB 화이트 CPU 수냉쿨러 (234,790원) (2,500원)",2024.06.13 10:37,흑단,8302,0,26,https://www.lotteon.com/p/product/PD37341266?mall_no=1&dp_infw_cd=SCH%5E%5ELO2116288660&areaCode=SCH,롯데온,크라켄 KRAKEN 360 RGB 화이트 CPU 수냉쿨러,"234,790원","2,500원",,코멘트
fm,https://www.fmkorea.com/7137357985,"[쿠팡] QCY T13 ANC2 (14,890원) (와우직구무료)",2024.06.13 10:31,이러면멋있어,9548,13,30,https://link.coupang.com/a/bFqquu,쿠팡,QCY T13 ANC2,"14,890원",와우직구무료,,코멘트
fm,https://www.fmkorea.com/7137355624,"[11번가] HP 빅터스15-fb2055AX 카드할인 (1,089,000원) (무료)",2024.06.13 10:30,개발야발,4370,1,7,https://www.11st.co.kr/products/6877416941?trTypeCd=04&trCtgrNo=585021,11번가,HP 빅터스15-fb2055AX 카드할인,"1,089,000원",무료,"사은품으로 마우스 + 마우스패드 증정있고,앱이나 바로가기 적용 상태에서,신한카드 결제하면 위 가격 나옴",코멘트
fm,https://www.fmkorea.com/7137346130,"[G마켓] 쉬크 쿼트로4 티타늄 날17입 + 면도기 + 쉐이브젤 199g (19,900원) (무료)",2024.06.13 10:26,스셍님,4974,14,30,https://mitem.gmarket.co.kr/Item?goodscode=3365813611,G마켓,쉬크 쿼트로4 티타늄 날17입 + 면도기 + 쉐이브젤 199g,"19,900원",무료,"쉐이브젤까지 증정해서 19,900원인데 가격대 좋은듯,오래쓸거면 이거 추천함",코멘트
fm,https://www.fmkorea.com/7137323570,"[위메프] 베베숲 시그니처 위드블루 70매 20팩 + 휴대용 20매 6팩 (30,990원) (무료배송)",2024.06.13 10:17,우니짱,1712,-11,8,https://mw.wemakeprice.com/deal/622526860,위메프,베베숲 시그니처 위드블루 70매 20팩 + 휴대용 20매 6팩,"30,990원",무료배송,"구매시 센시티브 20매 6팩 추가 증정,75평량 물티슈임",코멘트
fm,https://www.fmkorea.com/7137314511,"[한화리조트 앱] 올 여름도 한국화약 리조트 (2박기준125,000) (직접차타고)",2024.06.13 10:16,세르지오라BO스,31042,36,32,https://m2.hanwharesort.co.kr/contents/package/view.do?seq=2034,한화리조트 앱,올 여름도 한국화약 리조트,"2박기준125,000",직접차타고,"개인적으로 한화 만 이용하는데,가성비 속초 (제법 좋아요. 나이트 스파도 좋구, 1층 스벅이 최고...),잠만 자는 곳 . 용인 . 평창. 제주,쩌는 곳 거제  정도 생각합니다.,아빠들 총각들 달려요..",코멘트
fm,https://www.fmkorea.com/7137322531,"[11번가] 더미식 백미밥 210g * 48개 + 찰보리밥 2개 (35,850원) (무료)",2024.06.13 10:15,dlwltn,849,2,13,https://www.11st.co.kr/products/3886981496,11번가,더미식 백미밥 210g * 48개 + 찰보리밥 2개,"35,850원",무료,"여기서 장바구니 쿠폰받으면 35,850원나옴,티멤까지 쓰면 더 할인됨,개당 746원 나옴",코멘트
fm,https://www.fmkorea.com/7137321160,"[위메프+] 크리넥스 실크소프트 미용티슈 250매 3입 2세트 (12,280원) (무료)",2024.06.13 10:15,제발그만해줘,1717,0,1,https://plus.wemakeprice.com/g/1164329423,위메프+,크리넥스 실크소프트 미용티슈 250매 3입 2세트,"12,280원",무료,인당 최대 3개 구매가능,코멘트
fm,https://www.fmkorea.com/7137295109,"[G마켓] 센소다인 오리지날 플러스 2개+후레쉬 2개+멀티케어 2개 (21,500원) (무료)",2024.06.13 10:04,우니짱,1821,-9,11,https://item.gmarket.co.kr/Item?goodscode=2321170982,G마켓,센소다인 오리지날 플러스 2개+후레쉬 2개+멀티케어 2개,"21,500원",무료,"오리지널 플러스 2개 + 후레쉬 2개 + 멀티케어 2개,세가지 구성 중에서 본인한테 맞는게, 따로 있을거라서 뭐가 괜찮은지 ,모르겠으면 일단 다 써보셈",코멘트
fm,https://www.fmkorea.com/7137288164,"[네이버] 광동직영,네멤)삼다수 유/무라벨 랜덤 2L 24개 (18,900원) (무료)",2024.06.13 10:02,foldings,3189,9,10,https://brand.naver.com/kwangdong/products/9357860810,네이버,"광동직영,네멤)삼다수 유/무라벨 랜덤 2L 24개","18,900원",무료,"개당 800원 아래의 가격인데 네페적립이 1200원 정도 되는지라 네페 적립포함 가격으론 개당 737원 ,가격좋음 750아래면 걍 매수각임 ,5%는 네이버 멤버십회원만 주는 쿠폰임 ",코멘트
fm,https://www.fmkorea.com/7137283309,"[쿠팡] 몽크슈 액상 WITH 알룰로스 (5,960원) (와우무료)",2024.06.13 09:58,주팀장냄새쩐다,8218,7,19,https://link.coupang.com/a/bFqcjX,쿠팡,몽크슈 액상 WITH 알룰로스,"5,960원",와우무료,,코멘트
fm,https://www.fmkorea.com/7137277412,"[쿠팡] 오뚜기 스낵면 컵라면, 6개 (3,990원) (와우무료)",2024.06.13 09:56,주팀장냄새쩐다,9381,4,0,https://link.coupang.com/a/bFqa8C,쿠팡,"오뚜기 스낵면 컵라면, 6개","3,990원",와우무료,,코멘트
fm,https://www.fmkorea.com/7137232069,"[쿠팡] 탑씨 제로 오렌지 탄산음료, 1.5L, 12개 (10,900원) (로켓와우무료)",2024.06.13 09:35,사상좌무,6940,9,10,https://link.coupang.com/a/bFp193,쿠팡,"탑씨 제로 오렌지 탄산음료, 1.5L, 12개","10,900원",로켓와우무료,"제로음료계의 로우바둑이 같은 존재,싼맛에 마시기 좋으나 너무 기대는 하지 말것",코멘트
fm,https://www.fmkorea.com/7137229892,"[네이버] 올바르고 반듯한 슈퍼크런치 치킨텐더 440g 4개 (18,900원) (무료)",2024.06.13 09:34,스타벅스1인자,4459,9,18,https://naver.me/xZVvTHIF,네이버,올바르고 반듯한 슈퍼크런치 치킨텐더 440g 4개,"18,900원",무료,닭가슴살 질릴때나 맥주 안주로 개추,코멘트
fm,https://www.fmkorea.com/7137225849,"[지마켓] (매머드커피) 디지털상품권 1만원권 (잔액관리형) (8,800원) (무료)",2024.06.13 09:30,산탄,2714,7,19,https://link.gmarket.co.kr/8G4kl0uuE,지마켓,(매머드커피) 디지털상품권 1만원권 (잔액관리형),"8,800원",무료,,코멘트
fm,https://www.fmkorea.com/7137213314,"[위메프] 사조 살코기 참치 5캔 골라담기(고추/야채/마일드/찌개 등) (4,930원~) (3,500원)",2024.06.13 09:24,식후유산소,1858,3,11,https://mw.wemakeprice.com/deal/630496338,위메프,사조 살코기 참치 5캔 골라담기(고추/야채/마일드/찌개 등),"4,930원~","3,500원",,코멘트
fm,https://www.fmkorea.com/7137197573,[쿠팡] 필립스 접이식 스탠드(핸드폰 거치대) (990원) (쿠팡회원은0원),2024.06.13 09:15,물음표살인마에요,125761,46,107,https://link.coupang.com/a/bFpUDJ,쿠팡,필립스 접이식 스탠드(핸드폰 거치대),990원,쿠팡회원은0원,,코멘트
fm,https://www.fmkorea.com/7137191215,"[한우맘] 1등급 한우 국거리 600g (13,800원) (2만이상무배)",2024.06.13 09:12,포메아니얀,5371,-13,28,https://m.hanwoomom.com/product/%ED%95%AB%EB%94%9C-%ED%95%9C%EC%9A%B0-%EA%B5%AD%EA%B1%B0%EB%A6%AC300g300g-%EB%B6%88%EA%B3%A0%EA%B8%B0300g300g/54/category/24/display/1/#none#enp_mbris,한우맘,1등급 한우 국거리 600g,"13,800원",2만이상무배,"라면에 넣어서도 먹습니다,핫딜 올리기전에 저는 미리 샀습니당",코멘트
fm,https://www.fmkorea.com/7137183703,"[위메프] 반숙란 40구 외 구운란/훈제란 (13,500원) (무료)",2024.06.13 09:07,산탄,3916,1,7,https://mw.wemakeprice.com/deal/631214670,위메프,반숙란 40구 외 구운란/훈제란,"13,500원",무료,,코멘트
fm,https://www.fmkorea.com/7137176299,"[옥션] 82평량 블랙라벨 물티슈 70매 20팩 유니버스클럽 (21,820원) (무료)",2024.06.13 09:02,wakfu,3214,2,6,http://mitem.auction.co.kr/vip?itemNo=E335579074,옥션,82평량 블랙라벨 물티슈 70매 20팩 유니버스클럽,"21,820원",무료,,코멘트
fm,https://www.fmkorea.com/7137166794,"[위메프] 더블하트 빨대컵 외 젖병 등 다수 (14,500원) (무료)",2024.06.13 08:58,벵뱅벵,1439,8,26,https://front.wemakeprice.com/deal/630115040,위메프,더블하트 빨대컵 외 젖병 등 다수,"14,500원",무료,,코멘트
fm,https://www.fmkorea.com/7137163604,"[티몬] 슈퍼대디 70~85평량 물티슈 20팩 미스터펭 민트 (16,834원) (무료)",2024.06.13 08:56,foldings,2369,2,3,https://www.tmon.co.kr/deal/16081395930,티몬,슈퍼대디 70~85평량 물티슈 20팩 미스터펭 민트,"16,834원",무료,"카카오페이로 결제하면 가격뜸 ,20팩에 16800원 첨이지 않나 싶은데 할인폭 좋게떴을때도 17900원 전후였음 ,가격대 대부분 ㄱㅊ함 ,토스 아니고 카카오페이로 ",코멘트
fm,https://www.fmkorea.com/7137129401,"[쿠팡] 파나소닉 충전식 6중날 전기면도기 ES-LV9AX (399,000원) (무료)",2024.06.13 08:37,눈달,9340,0,82,https://link.coupang.com/a/bFpF23,쿠팡,파나소닉 충전식 6중날 전기면도기 ES-LV9AX,"399,000원",무료,,코멘트
fm,https://www.fmkorea.com/7137067492,"[쿠팡] 빙그레 더단백 드링크 커피 18p, 250ml, 18개 (19,310원) (와우무료)",2024.06.13 07:40,6x9=74,10216,17,62,https://link.coupang.com/a/bFpndl,쿠팡,"빙그레 더단백 드링크 커피 18p, 250ml, 18개","19,310원",와우무료,,코멘트
fm,https://www.fmkorea.com/7137062431,[스토브] 포스탈: 클래식 앤드 언컷 (0원) (무료),2024.06.13 07:36,트리스,7177,5,2,https://store.onstove.com/ko/games/3398,스토브,포스탈: 클래식 앤드 언컷,0원,무료,,코멘트
fm,https://www.fmkorea.com/7137051240,"[네이버] 아몬드브리즈 뉴트리플러스 프로틴 190ml 24팩+6팩 증정(총30팩) (13,600원) (무료)",2024.06.13 07:25,맛째이,1759,3,8,https://naver.me/FcmZCxnn,네이버,아몬드브리즈 뉴트리플러스 프로틴 190ml 24팩+6팩 증정(총30팩),"13,600원",무료,한정수량이라 필요하신분들 구매하시면 될듯 ㅎㅎ,코멘트
fm,https://www.fmkorea.com/7137044361,"[쿠팡] ZSCMALLS 35.56cm 2K WQXGA 휴대용 모니터 (91,500원) (무료)",2024.06.13 07:16,케이2,15200,2,6,https://link.coupang.com/a/bFpkiD,쿠팡,ZSCMALLS 35.56cm 2K WQXGA 휴대용 모니터,"91,500원",무료,,코멘트
fm,https://www.fmkorea.com/7137007519,"[홈플러스 온라인몰] 보먹돼 삼겹 목살 (100g1,200원) (4만원구매시무배)",2024.06.13 06:14,진짜어디가,121363,68,385,https://mfront.homeplus.co.kr/exhibit?promoNo=12767&storeType=HYPER&storeId=,홈플러스 온라인몰,보먹돼 삼겹 목살,"100g1,200원",4만원구매시무배,,코멘트
fm,https://www.fmkorea.com/7136636994,"[쿠팡] 팔도비빔면, 130g x 5개입 x 2팩 (6,480원) (와우무료)",2024.06.13 01:10,국힙원탑_IU,15329,10,35,https://link.coupang.com/a/bFoqeh,쿠팡,"팔도비빔면, 130g x 5개입 x 2팩","6,480원",와우무료,,코멘트
fm,https://www.fmkorea.com/7136609759,"[네이버멤버십] 네스카페 믹스커피 40T + 아메리카노 스틱 20T (3,000원) (무료)",2024.06.13 01:00,나그파,8760,26,19,https://brand.naver.com/nescafeshop/products/5511143712,네이버멤버십,네스카페 믹스커피 40T + 아메리카노 스틱 20T,"3,000원",무료,"네이버멤버십 무료배송 쿠폰 받고 링크 2군데에서 백원딜 + 다른링크에서 아무거나 같이 장바구니 담고 무료배송 적용시키면 3천원떠서 싼듯,멤버십 무료배송쿠폰,네스카페 수프리모 오리지널 커피믹스 40T 백원딜,https://brand.naver.com/nescafeshop/products/9924429283,아메리카노 디카페인 네스퀵 등 선택",코멘트
fm,https://www.fmkorea.com/7136588927,"[지마텟] 울트라 얼티메이트 천연/인조잔디 겸용 축구화 (69,600원) (무배)",2024.06.13 00:55,골목미남,15477,8,33,https://item.gmarket.co.kr/Item?goodscode=3839735711,지마텟,울트라 얼티메이트 천연/인조잔디 겸용 축구화,"69,600원",무배,"얼티메이트 > 퓨마 축구화 최상급 등급임,신축성 좋아서 잘늘어나고 진짜 가벼움 ㅇㅇ ,신을 때 구두칼 안쓰면 좀 빡센게 단점임, 발볼 넓으면 소화하기 힘듦,정사이즌데 양말 감안하면 반업 올리는게 왠만하면 좋음,첫댓 이상하게물흐려서 공홈사진추가첨부함,울트라케이지는 애초에 풋살전용 더저렴한라인임",코멘트
fm,https://www.fmkorea.com/7136553451,[티몬] 쉐이크쉑 버거 특정메뉴 할인 [목록은 내용 참조] (가격다양) (무료),2024.06.13 00:44,목성,25156,16,58,https://www.tmon.co.kr/deal/26847667742,티몬,쉐이크쉑 버거 특정메뉴 할인 [목록은 내용 참조],가격다양,무료,,코멘트
fm,https://www.fmkorea.com/7136547714,"[위메프] 크리오 펌프 팝 어린이칫솔 유아 키즈 2단계 10개입 (8,620원) (무료배송)",2024.06.13 00:41,우니짱,7683,7,7,https://mw.wemakeprice.com/deal/629387405,위메프,크리오 펌프 팝 어린이칫솔 유아 키즈 2단계 10개입,"8,620원",무료배송,"크리오 펌프 팝 어린이칫솔 ,유아 키즈 2단계 10개입,쿠폰 적용하면 8,620원,개당 862원에 구매 가능,유아용 칫솔 필요하면 ㄱ",코멘트
fm,https://www.fmkorea.com/7136526679,"[롯데온] 롯데시네마 2D 일반관람권 (7,800원) (무료)",2024.06.13 00:34,목성,63876,67,92,https://s.lotteon.com/WtT8FXuDU,롯데온,롯데시네마 2D 일반관람권,"7,800원",무료,,코멘트
fm,https://www.fmkorea.com/7136525545,"[네이버] 비비고 왕교자 1.05kg 2개+통새우만두 200g 2개 (15,800원) (조건부무료)",2024.06.13 00:32,대구리가르,13031,23,35,https://brand.naver.com/cheiljedang/products/10273504912,네이버,비비고 왕교자 1.05kg 2개+통새우만두 200g 2개,"15,800원",조건부무료,"비비고 왕교자 1.05kg 2개+통새우만두 200g 2개 쿠폰 적용시 15,800원,가격 좋음,네이버멤버쉽은 무배쿠폰 적용가능하고 일반회원은 2세트 구매시 무배임,무배쿠폰링크,https://naver.me/x2hB28oD",코멘트
fm,https://www.fmkorea.com/7136487066,"[티몬] 하림 수비드 닭가슴살 4종 16팩 (21,593원) (무료배송)",2024.06.13 00:21,일류의삶,11639,19,59,https://www.tmon.co.kr/deal/5502798698,티몬,하림 수비드 닭가슴살 4종 16팩,"21,593원",무료배송,"냉장 수비드 닭가슴살 16팩 기준 즉할+중복쿠폰+카카오페이결제 = 21,593원 ,1팩당 1,349원이라 ㄱㅊ 이가격이라 집는다  ",코멘트
fm,https://www.fmkorea.com/7136481586,"[티몬] 밀카 슈프림 30g 30개 등등 (5,530원) (무료)",2024.06.13 00:19,목성,12788,7,21,https://www.tmon.co.kr/deal/17312456942,티몬,밀카 슈프림 30g 30개 등등,"5,530원",무료,,코멘트
fm,https://www.fmkorea.com/7136468842,"[11번가] 해물오꼬노미야끼 밀키트 2인분 (5,360원) (3,500원)",2024.06.13 00:15,게코모리아,9981,4,16,http://www.11st.co.kr/products/3491750642/share,11번가,해물오꼬노미야끼 밀키트 2인분,"5,360원","3,500원",,코멘트
fm,https://www.fmkorea.com/7136456722,"[위메프] 이니스프리 그린티 씨드 히알루론산 스킨케어 세트 (23,800원) (무료)",2024.06.13 00:12,Bkornblu,16283,1,18,https://mw.wemakeprice.com/deal/631493935,위메프,이니스프리 그린티 씨드 히알루론산 스킨케어 세트,"23,800원",무료,"스킨 1개 로션 1개 증정 2개 23,800원 단품으로 배송비포함 만삼천정도하는데 저렴한듯 향 거의없고 촉촉한편",코멘트
fm,https://www.fmkorea.com/7136444410,"[위메프] 천도복숭아 2kg 실중량 중소과 (31-40과) (10,990원) (무료)",2024.06.13 00:08,나그파,7939,-6,16,https://mw.wemakeprice.com/deal/631571014,위메프,천도복숭아 2kg 실중량 중소과 (31-40과),"10,990원",무료,"천도복숭아 2kg 중대과 13,770원,천도복숭아 2kg 특대과 17,760원,작은거싫으면 중대과나 특대과 ㄱㄱ 천도복숭아 지금 나온것들 찾아봣는데 가격은 싼듯",코멘트
fm,https://www.fmkorea.com/7136436853,"[위메프플러스] 피죤 고농축 섬유유연제 보타닉 베르가못로즈 5.2L (11,300원) (무료)",2024.06.13 00:08,아오배고픈데,2702,2,7,https://plus.wemakeprice.com/g/1177668683/Q203254996?__langcd=ko&__currency=KRW&app_id=QSHOP,위메프플러스,피죤 고농축 섬유유연제 보타닉 베르가못로즈 5.2L,"11,300원",무료,"기본통 1.6L 2개하고 리필 1L 2개주네용,일반 드럼 겸용",코멘트
fm,https://www.fmkorea.com/7136414214,"[위메프] SK하이닉스 Platinum P41 M.2 SSD 2TB (182,250원) (무료)",2024.06.13 00:01,목성,27814,16,56,https://front.wemakeprice.com/deal/630348981,위메프,SK하이닉스 Platinum P41 M.2 SSD 2TB,"182,250원",무료,,코멘트
fm,https://www.fmkorea.com/7136036064,"[G마켓] 켈로그 크런치 에너지바K 30g 36개입 (14,300원) (무료)",2024.06.12 22:28,에몽_,10642,12,23,https://item.gmarket.co.kr/Item?goodscode=988035852,G마켓,켈로그 크런치 에너지바K 30g 36개입,"14,300원",무료,,코멘트
fm,https://www.fmkorea.com/7135942909,"[알리] MR.GREEN 스플래시 방지 손톱깎이 (8,288원) (10,000이상무료)",2024.06.12 22:13,(알수없으),38442,-7,87,https://ko.aliexpress.com/item/1005005426498874.html?spm=a2g0o.productlist.main.95.6a503b7aMMDT6j&algo_pvid=90f4ed8d-f068-4f10-83bc-dd3ca415fe01&algo_exp_id=90f4ed8d-f068-4f10-83bc-dd3ca415fe01-47&pdp_npi=4%40dis%21KRW%2116576%218288%21%21%2111.70%2,알리,MR.GREEN 스플래시 방지 손톱깎이,"8,288원","10,000이상무료",,코멘트
fm,https://www.fmkorea.com/7135945754,"[네이버] 삼성전자 JBL BAR 300 사운드바 (268,630원) (무료배송)",2024.06.12 22:07,우니짱,24853,8,16,https://smartstore.naver.com/hamanstore/products/8041216210,네이버,삼성전자 JBL BAR 300 사운드바,"268,630원",무료배송,"네이버페이 적립되는 금액 ,제외하면 286,810원,후기쓰고 상품권 받으면,268,630원에 구매 가능,역대가까지는 모르겠고 근래 최저가인듯?",코멘트
fm,https://www.fmkorea.com/7135833154,"[네이버] 펩시제로 제로카페인 355ml x 24개 (13,680원) (무료)",2024.06.12 21:38,게코모리아,16968,12,39,https://m.brand.naver.com/lottechilsung/products/9987512731,네이버,펩시제로 제로카페인 355ml x 24개,"13,680원",무료,,코멘트
fm,https://www.fmkorea.com/7135805098,"[티몬] 일리 네스프레소 100캡슐 골라담기 (40,420원) (무료)",2024.06.12 21:32,엽탱,8337,5,27,https://www.tmon.co.kr/deal/19174939394,티몬,일리 네스프레소 100캡슐 골라담기,"40,420원",무료,,코멘트
fm,https://www.fmkorea.com/7135665623,"[쿠팡] 오뚜기 UNO 불고기 피자 (냉동), 180g, 4개 (7,980원) (와우무료)",2024.06.12 20:56,브라이튼팬,29371,6,44,https://link.coupang.com/a/bFmptp,쿠팡,"오뚜기 UNO 불고기 피자 (냉동), 180g, 4개","7,980원",와우무료,,코멘트
fm,https://www.fmkorea.com/7135476824,"[알리 천원상점] toocki GaN 67w 고속충전기 (9,000원) (무료)",2024.06.12 20:15,디도스나이트,36011,12,63,https://www.aliexpress.com/gcp/300000512/KRupdatepage?spm=a2g0o.home.3fornn.3.2b1470f4ZU04i5&disableNav=YES&pha_manifest=ssr&_immersiveMode=true&channelLinkTag=nn_newgcp&productIds=1005007038192541,알리 천원상점,toocki GaN 67w 고속충전기,"9,000원",무료,,코멘트
fm,https://www.fmkorea.com/7135480287,"[마켓컬리] 배스킨라빈스 패밀리 25% (19,500원) (-)",2024.06.12 20:09,6x9=74,37818,31,62,https://goods.kurly.it/Ga9j,마켓컬리,배스킨라빈스 패밀리 25%,"19,500원",-,,코멘트
fm,https://www.fmkorea.com/7135459208,"[알리] 디어커스 블루다이브 변기세정제 4개 (12,398원) (무료)",2024.06.12 20:04,리우리,15418,-3,35,https://a.aliexpress.com/_oF6i3Qy,알리,디어커스 블루다이브 변기세정제 4개,"12,398원",무료,"보니까 브레프처럼 한군데 달려서 한정적으로 닦는게아니라,걍 통안에 넣으면 물내릴때마다 자동으로 세척액 나오는듯,브레프 쓰던거 한개남았는데 이거 후기도 좋아보여서 사봄",코멘트
fm,https://www.fmkorea.com/7135376627,"[ABC마트] 반스 올드스쿨 컬러 띠어리 비컨 블루 (39,000원) (무료배송)",2024.06.12 19:47,박박왕대박,41856,5,38,https://abcmart.a-rt.com/product/new?prdtNo=1010101891&page=1,ABC마트,반스 올드스쿨 컬러 띠어리 비컨 블루,"39,000원",무료배송,,코멘트
fm,https://www.fmkorea.com/7135351641,"[11번가] 삼성 비스포크 그랑데AI 21kg+세탁기 20kg건조기 세트 WF21CB6850BV+DV20CB8800BV (1,599,800원) (무료)",2024.06.12 19:42,본인:,9086,7,33,https://www.11st.co.kr/products/6856221483/share,11번가,삼성 비스포크 그랑데AI 21kg+세탁기 20kg건조기 세트 WF21CB6850BV+DV20CB8800BV,"1,599,800원",무료,"라이브 상품권 3만원+포토리뷰 상품권2만원 받으면 체감가 1,549,800원,예산 150잡고있는사람 참고하면 좋을듯",코멘트
fm,https://www.fmkorea.com/7135279327,"[티몬] Furycube F75 3모드 풀알루 노브 기계식키보드 (56,126원부터) (무배)",2024.06.12 19:32,토요토리,38913,30,93,https://mobile.tmon.co.kr/deals/25752447834,티몬,Furycube F75 3모드 풀알루 노브 기계식키보드,"56,126원부터",무배,"180메쉬 아노다이징(레이니 정발도 180메쉬),이중사출 체리pbt키캡,3모드 유무선,금속 노브,3/5핀 정방향 핫스왑,알루미늄무게추(상옵),4000(하옵)/8000(상옵) 내장배터리,HMX 리니어 스위치(상옵),가스켓 폼떡,전고 낮음(약 18미리),pc보강판,요약,빈자의 노브 레이니75,15퍼쿠폰+토스페이계좌결제시,하옵 오테뮤 리니어축,5.6,상옵 HMX퍼플축(리니어),7.2,짱 리뷰영상,https://youtu.be/cra-Mu4wQuw,75배열이지만 가격이 괜찮아서 올려봄,f75 드라이버 사이트,https://furycube.com/pages/drivers",코멘트
fm,https://www.fmkorea.com/7135279012,"[네이버] Arctis Nova Pro Wireless X 무선 게이밍 헤드셋 61521 배터리교환 TYPE (407,200원) (무료)",2024.06.12 19:22,Bkornblu,11623,1,16,https://m.smartstore.naver.com/steelseries-seller/products/8827401844,네이버,Arctis Nova Pro Wireless X 무선 게이밍 헤드셋 61521 배터리교환 TYPE,"407,200원",무료,배터리탈부착식이라 편함,코멘트
fm,https://www.fmkorea.com/7135226080,"[알리] 고메 소바바치킨 소이허니 순살 375G X 4개 (19,253원) (무료)",2024.06.12 19:05,Amapai,13656,0,28,https://a.aliexpress.com/_oBq8Jva,알리,고메 소바바치킨 소이허니 순살 375G X 4개,"19,253원",무료,,코멘트
fm,https://www.fmkorea.com/7135221953,"[네이버스토어] 1+1 불스원샷 플래티넘 4in1 500ml (20,530원) (-)",2024.06.12 19:03,6x9=74,5688,4,12,https://naver.me/FtTNaJc5,네이버스토어,1+1 불스원샷 플래티넘 4in1 500ml,"20,530원",-,"앞서 올라온 지마켓 딜보다 몇백원 비싼데,네이버멤버십 가입자나 적립포인트 쌓고싶은사람,물론 적립금은 개인에따라 다름",코멘트
fm,https://www.fmkorea.com/7135216118,"[라스트오더] 페양구 야끼소바 지옥의맛 18개 한박스 (16,900원) (무료)",2024.06.12 19:00,앙냥,27869,0,26,https://l.lastorder.in/?a=l&p=i&i=240612105833LOI64532,라스트오더,페양구 야끼소바 지옥의맛 18개 한박스,"16,900원",무료,,코멘트
fm,https://www.fmkorea.com/7135199897,"[티몬] 훈제닭다리 170g 5팩+점보핫도그 560g (9,595원페이가) (무료)",2024.06.12 18:55,특빠원,26964,23,44,https://www.tmon.co.kr/deal/26938869370,티몬,훈제닭다리 170g 5팩+점보핫도그 560g,"9,595원페이가",무료,"가성비 미친거같네요ㄷㄷ ,여기서 함정은 핫도그 유통기한이 6월20일까지라는거ㅎㅎ  그래도 저정도는 순삭이라 괜찬을듯,닭다리 좋아하시는분들은 3번 옵션 10팩짜리 구매하면 더저렴하네요,토스페이 적용하니깐 18,525원 개당 1852원꼴입니다 핫도그도 2봉주네요ㅎㅎ,참고))평이 없어서 다른곳 검색해보니 평은 나쁘지않네요,https://link.gmarket.co.kr/dJ34ISbFF",코멘트
fm,https://www.fmkorea.com/7135089711,[공홈] 커버낫 여름시즌 오프세일 ~60% (가격다양) (무료),2024.06.12 18:21,모여봐요동물의숲,47794,2,66,https://covernat.net/mall/2412.html,공홈,커버낫 여름시즌 오프세일 ~60%,가격다양,무료,"사다리타기 이벤트로 쿠폰 받고,기본 반팔티 대부분 2만원댄데 쿠폰이랑 적립금쓰면,1만 중후반대로 떨어질듯합니다요,슬리퍼도 있고 제품다양해서 조공용으로도 괜찮을꺼같네여",코멘트
fm,https://www.fmkorea.com/7135062845,"[쿠팡] 신한계좌 연결후 결제시 쿠팡캐시 5,000 (0원) (무료)",2024.06.12 18:16,민초마라탕웨이,168333,54,132,https://link.coupang.com/a/bFk881,쿠팡,"신한계좌 연결후 결제시 쿠팡캐시 5,000",0원,무료,,코멘트
fm,https://www.fmkorea.com/7135053746,"[11마존] Gildan 크루넥 남성용 티셔츠 멀티팩 (5장 1팩) (21,000원) (우주패스무료)",2024.06.12 18:13,삥땅뿡뿡,28018,5,30,https://www.11st.co.kr/products/pa/3546659044,11마존,Gildan 크루넥 남성용 티셔츠 멀티팩 (5장 1팩),"21,000원",우주패스무료,,코멘트
fm,https://www.fmkorea.com/7135060283,"[인터파크] 샤오미 JONR 무선 진공 물걸레 청소기 ED11/ED12 KB페이 (101,670원~) (무료)",2024.06.12 18:10,제발그만해줘,21167,8,33,http://m.shop.interpark.com/product/11939219190/0000100000,인터파크,샤오미 JONR 무선 진공 물걸레 청소기 ED11/ED12 KB페이,"101,670원~",무료,"먼지흡입+걸레질까지 같이 되서 청소 잘 되는데 가격이 10만원대초반이라 가성비로 평 좋은 물걸레청소기,ed11은 브러쉬 자동건조되고 ed12는 자동건조는 없지만 알아서 앞으로 가는 오토무빙에 구석도 닦기 좋은 베젤브러쉬,kb페이로 사는게 제일싼데 오늘까지임,E11-109,320 / kbpay 101,670 ,E12-126,890 / kbpay 118,010",코멘트
fm,https://www.fmkorea.com/7135052377,"[11번가] 삼성전자 비스포크 식기세척기 14인용 빌트인 고온직수/살균 (898,700원) (무료)",2024.06.12 18:07,우주선미,5360,2,13,https://www.11st.co.kr/products/6963980526/share,11번가,삼성전자 비스포크 식기세척기 14인용 빌트인 고온직수/살균,"898,700원",무료,"어지간하면 다마르는듯(갠적으로 열풍보단 자동문열림이 더 중요한거아닐까싶음),저소음모델이라서 밤에도 부담없이 돌릴수있고,포토리뷰 작성하면 배민2만원 기프티콘 준다함",코멘트
fm,https://www.fmkorea.com/7135036840,"[네이버] 삼성전자 KQ65QC65AFXKR 4K QLED TV 1등급 65인치 스마트 티비 (1,010,320원) (무료)",2024.06.12 18:06,태도보수,6175,0,23,https://smartstore.naver.com/hdmart/products/8809323969,네이버,삼성전자 KQ65QC65AFXKR 4K QLED TV 1등급 65인치 스마트 티비,"1,010,320원",무료,,코멘트
fm,https://www.fmkorea.com/7134998910,"[떠리몰] 농심 포테토칩 트리플치즈 50g x 16봉 (10,440원) (무료)",2024.06.12 18:05,말을하다마는것이,16254,12,41,https://m.thirtymall.com/goods/goods_view.php?goodsNo=283853,떠리몰,농심 포테토칩 트리플치즈 50g x 16봉,"10,440원",무료,"시즈닝 뿌려져있어서 손에 묻는 타입ㅇㅇ,허니버터칩보다 덜 달고 치즈맛 많이 난다고 생각하면 됨,한봉에 686원 페이코 5%하면 ,10,440원이라 봉당 652원까지 나옴",코멘트
fm,https://www.fmkorea.com/7134951820,[카카오톡] 프랭크버거 상품권/베이컨치즈버거세트/쉬림프버거세트/프랭크버거(R)세트 (가격다양) (무료),2024.06.12 17:40,시네키노,14452,13,61,https://kko.to/xPf3tAdKxq,카카오톡,프랭크버거 상품권/베이컨치즈버거세트/쉬림프버거세트/프랭크버거(R)세트,가격다양,무료,,코멘트
fm,https://www.fmkorea.com/7134945713,"[쿠팡와우] 오리온 초코파이 바나나 12p, 444g, 1개 (3,410원) (와우무료)",2024.06.12 17:38,앙냥,67264,35,128,https://link.coupang.com/a/bFkWq9,쿠팡와우,"오리온 초코파이 바나나 12p, 444g, 1개","3,410원",와우무료,이정도 가격도 나쁘지 않은거 같아서 올려봄.,코멘트
fm,https://www.fmkorea.com/7134902035,"[위메프] 페넬로페 에펠 70매 x 20팩 + 로제 휴대 20매 x 6팩 (28,450원) (무료)",2024.06.12 17:26,우니짱,3847,-8,5,https://mw.wemakeprice.com/deal/626321580,위메프,페넬로페 에펠 70매 x 20팩 + 로제 휴대 20매 x 6팩,"28,450원",무료,"75평량 에펠 70매 x 20팩 구매시,65평량 로제 20매 x 6팩 추가 증정",코멘트
fm,https://www.fmkorea.com/7134903020,"[위시플러스] 유니클로 AIRism 에어리즘 트렁크스 (29,710원) (무료)",2024.06.12 17:26,안녕하삼12,42892,7,78,https://plus.wish.com/g/1096594942,위시플러스,유니클로 AIRism 에어리즘 트렁크스,"29,710원",무료,"저번 핫딜에서 샀을때 시원하고 좋더라구여,위시 포인트 있으면 써버리시면 더 싸게 구매가능해욤 ",코멘트
fm,https://www.fmkorea.com/7134880327,"[카카오] 삼성 더 프리스타일 빔프로젝터 (399,600원) (무료)",2024.06.12 17:22,매일놀고싶다,17119,13,35,https://store.kakao.com/samsungbobo/products/137512331,카카오,삼성 더 프리스타일 빔프로젝터,"399,600원",무료,,코멘트
fm,https://www.fmkorea.com/7134873315,"[에픽게임즈] 데스스트랜딩 기존보유 -> 업글킷 (5,500원) (무료)",2024.06.12 17:18,밤의아이,26944,28,48,https://store.epicgames.com/ko/p/death-stranding-directors-cut--upgrade,에픽게임즈,데스스트랜딩 기존보유 -> 업글킷,"5,500원",무료,,코멘트
fm,https://www.fmkorea.com/7134661386,"[카카오] 국내산 총각김치 2kg (9,900원) (무료)",2024.06.12 17:11,마리마리모,3831,9,23,https://store.kakao.com/greenbean/products/205558049?__ld__=&oldRef=,카카오,국내산 총각김치 2kg,"9,900원",무료,"2kg에 9,900원이고,저번에 받고나서 보니까 숙성이 안된 상태라 ,바로먹기보단 조금은 묵히고 먹는게 좋아보이긴합니다.,소량이라 좋고 재료는 전부 국산이네요.",코멘트
fm,https://www.fmkorea.com/7134814440,"[티몬] 알로에베라 EM효소 주방세제 3L x 2개 (6,900원) (무료)",2024.06.12 17:00,나그파,4337,1,8,https://mobile.tmon.co.kr/deals/26263881310,티몬,알로에베라 EM효소 주방세제 3L x 2개,"6,900원",무료,,코멘트
fm,https://www.fmkorea.com/7134750749,"[G마켓] 슈퍼대디 시그니처 77평량 70매 20팩 (20,950원) (무료)",2024.06.12 16:44,TJ털쟁이,4812,5,20,https://item.gmarket.co.kr/Item?goodscode=1774092508,G마켓,슈퍼대디 시그니처 77평량 70매 20팩,"20,950원",무료,"고평량대(70이상)중 사이즈 제일 크고 가격적으로 제일 싼듯,가성비대비 확실히 ㄱㅊ(옵션에 82평량도 있음 20팩 22,900원)",코멘트
fm,https://www.fmkorea.com/7134714030,"[하이버] 바나나리퍼블릭 테리/린넨 밴딩 반바지 (4,500원) (무료배송)",2024.06.12 16:33,박박왕대박,24005,8,27,https://www.hiver.co.kr/products/149025533,하이버,바나나리퍼블릭 테리/린넨 밴딩 반바지,"4,500원",무료배송,,코멘트
fm,https://www.fmkorea.com/7134662518,"[지마켓] 에프킬라 스마트 리퀴드 히터 + 무향리필 45일 2개(정상) + 무향리필 4개(임박) (24,520원) (무료)",2024.06.12 16:18,본인:,5675,4,14,https://item.gmarket.co.kr/Item?goodscode=2447760410,지마켓,에프킬라 스마트 리퀴드 히터 + 무향리필 45일 2개(정상) + 무향리필 4개(임박),"24,520원",무료,"쿠폰 적용시 24,520원 나옴,이번여름은 이거로 걍 버틸듯,임박리필4개짜리도 있음 13,420원",코멘트
fm,https://www.fmkorea.com/7134591613,"[위메프] 부르르 제로 사이다 250ml x 30캔 (9,700원) (무료)",2024.06.12 15:57,제발그만해줘,5941,4,10,https://mw.wemakeprice.com/deal/629535514,위메프,부르르 제로 사이다 250ml x 30캔,"9,700원",무료,,코멘트
fm,https://www.fmkorea.com/7134528206,"[SSG] 필립스 샤티넬 어드밴스 모근제거기 BRE710/10 삼성카드 (83,933원) (무료)",2024.06.12 15:37,종말의늪,17350,6,66,https://www.ssg.com/item/itemView.ssg?itemId=2097001915479,SSG,필립스 샤티넬 어드밴스 모근제거기 BRE710/10 삼성카드,"83,933원",무료,아프긴한데 모근까지 뽑혀서 좋음,코멘트
fm,https://www.fmkorea.com/7134501080,"[11번가] LG 디오스 식기세척기 오브제컬렉션 열풍건조 14인용 DUE6BGL1 (1,187,500원) (무료)",2024.06.12 15:32,희망편지,6316,2,19,https://m.11st.co.kr/products/m/6876597199,11번가,LG 디오스 식기세척기 오브제컬렉션 열풍건조 14인용 DUE6BGL1,"1,187,500원",무료,"14인용이고 열풍건조, 프라이팬거치대 있는 모델임. ,그 외 선반 접힘 범위 풀이고 ,이거 보다 저렴한 모델은 선반 접힘 범위가 하프더라. ,편의기능 웬만한건 지원되면서 가성비 있는 모델인듯. ,14인용 고려중이면 괜찮은거 같음. ,14인용 중 열풍건조 미지원 버전이랑 가격차이도 큰거 같지 않고.,(물론 LG 식기세척기 라인업중에서만),제품 종류가 많아서 혹시라도 선택에 도움될까 해서 ,노써치 덧글도 같이 올림. ,농협, 국민,신한 카드시 ,1,187,500원 나오고,11번가 전용 카드 있으면 ,1,162,500원 나옴.",코멘트
fm,https://www.fmkorea.com/7134468847,"[akmall] 나이키 팬텀 GX 2 프로 TF (95,400원) (무료)",2024.06.12 15:25,서울,37727,15,94,https://m.akmall.com/goods/GoodsDetail.do?goods_id=153999012,akmall,나이키 팬텀 GX 2 프로 TF,"95,400원",무료,"남자의 컬러 핑쿠,장바구니 쿠폰도 있음",코멘트
fm,https://www.fmkorea.com/7134438106,"[오케이몰] 뉴발란스 996 블랙 (95,000원) (4,000원)",2024.06.12 15:09,스카티투하티,77079,22,114,https://m.okmall.com/products/view?no=754129,오케이몰,뉴발란스 996 블랙,"95,000원","4,000원","사이즈 235~285까지,슬랙스에 잘어율림 데일리 직딩화,반업 ㅊㅊ",코멘트
fm,https://www.fmkorea.com/7134437972,"[알리익스프레스] 레이즈 Lay's 감자칩 50g 김맛12+트러플맛12 (15,022원) (무료)",2024.06.12 15:07,건담은말은안건담,54990,41,135,https://ko.aliexpress.com/item/1005006882604560.html,알리익스프레스,레이즈 Lay's 감자칩 50g 김맛12+트러플맛12,"15,022원",무료,,코멘트
fm,https://www.fmkorea.com/7134372477,"[인터파크] 질레트 쉐이빙폼 포오미 175g 3개 삼성카드 (7,240원) (무료)",2024.06.12 14:45,Impopy,6771,9,21,http://m.shop.interpark.com/product/5419449253/0000100000,인터파크,질레트 쉐이빙폼 포오미 175g 3개 삼성카드,"7,240원",무료,"질레트 쉐이빙폼 포오미 175g 3개 7,240원 ,레몬/멘솔/센서티브 택1 하면됨,쿠폰 다 받아서 적용하고 삼성카드 결제하면됨,인터파크쇼핑앱으로봐야함,이거",코멘트
fm,https://www.fmkorea.com/7134346379,"[국민카드청춘몰] 컬쳐랜드5만원권 10%할인(kb나라사랑체크카드전용) (45,000원) (무료)",2024.06.12 14:36,한화롯데,21353,49,131,https://naralove.co.kr/m/shop/view.php?gs_id=59485,국민카드청춘몰,컬쳐랜드5만원권 10%할인(kb나라사랑체크카드전용),"45,000원",무료,,코멘트
fm,https://www.fmkorea.com/7134311064,"[지마켓] 레노버 아이디어패드 Slim3 15ABR8[가방증정] (449,350원) (무료)",2024.06.12 14:25,알랙산더맥퀸,25769,2,51,https://link.gmarket.co.kr/i9xTsWvLF,지마켓,레노버 아이디어패드 Slim3 15ABR8[가방증정],"449,350원",무료,"간단하게 일하려고 노트북 찾고 있는데 거지북 놓치고 더이상 기다릴수 없어서 찾던중 가격 괜찮아 보여서 올려봐요,핫딜 첨 올려 봅니다,사양,m.2 ssd 256gb ",코멘트
fm,https://www.fmkorea.com/7134291689,"[네이버] 맥널티 편의점 파우치 음료/커피 190ml 30개 (아이스티/아메리카노) (12,900원) (무료)",2024.06.12 14:19,게코모리아,5949,4,3,https://naver.me/xbAO3ERQ,네이버,맥널티 편의점 파우치 음료/커피 190ml 30개 (아이스티/아메리카노),"12,900원",무료,복숭아 청포도 아이스티 커피 종류 포함 10+10+10,코멘트
fm,https://www.fmkorea.com/7133724924,"[지마켓] 투뿔 한우 국거리 1kg 1팩 (18,230원) (무료)",2024.06.12 10:58,모구링,11214,6,21,https://item.gmarket.co.kr/Item?goodscode=3846096512,지마켓,투뿔 한우 국거리 1kg 1팩,"18,230원",무료,"결제하면 18,230원 ,100g 기준으로 1,800대 나옴",코멘트
fm,https://www.fmkorea.com/7133705987,"[쿠팡] 알배기 (1,580원) (로켓프레쉬)",2024.06.12 10:57,밤의아이,116050,49,98,https://link.coupang.com/a/bFhFf6,쿠팡,알배기,"1,580원",로켓프레쉬,"1580원,로켓프레쉬라 1.5채워야됨,https://link.coupang.com/a/bFhKKR,국내산 양파(소),https://link.coupang.com/a/bFhKAS,https://link.coupang.com/a/bFhKgN,곰곰 완숙 토마토,https://link.coupang.com/a/bFhJ6C,불고기 3개 10475원,국내산 양상추,https://link.coupang.com/a/bFhLGU,팔도 비빔면 5개 3120원,https://link.coupang.com/a/bFhMLi,싼듯",코멘트
fm,https://www.fmkorea.com/7133712191,"[11번가] 사조 리얼닭가슴살(안심따개) 90g*18캔 (23,700원) (무료)",2024.06.12 10:53,우주선미,3927,3,8,https://www.11st.co.kr/products/2744624892/share,11번가,사조 리얼닭가슴살(안심따개) 90g*18캔,"23,700원",무료,"사조 리얼닭가슴살(안심따개) 90g*18캔 장바구니쿠폰 적용시 23,700원,오리지널,훈제 가격동일",코멘트
fm,https://www.fmkorea.com/7133693437,"[떠리몰] 칠성사이다 제로 355ml x 24캔 (11,900원) (무료)",2024.06.12 10:46,모여봐요동물의숲,10189,19,14,https://m.thirtymall.com/goods/goods_view.php?goodsNo=212894,떠리몰,칠성사이다 제로 355ml x 24캔,"11,900원",무료,"페이코 안받아도 뚱캔에 캔당 495원이면 엄청 싼편입니다,소비기한 7월 30일 까지긴 한데 이틀에 1캔만 해도 충분합니다 ㅎㅎ ",코멘트
fm,https://www.fmkorea.com/7133669570,"[옥션] 올반 얇은피 명란 짬봉 만두 2+2+2봉 골라담기 (17,920원) (무료)",2024.06.12 10:35,본인:,9855,1,14,http://itempage3.auction.co.kr/DetailView.aspx?itemno=E243969717,옥션,올반 얇은피 명란 짬봉 만두 2+2+2봉 골라담기,"17,920원",무료,얇은피 명란 짬봉 3종류 있고 교차가능,코멘트
fm,https://www.fmkorea.com/7133666733,"[오늘+마켓] (신규가입만 해당)크리넥스 3겹 데코 & 소프트 28m 24롤 X 2 (14,630원) (무료)",2024.06.12 10:35,똘끼,5342,9,12,https://m.oneulplus.com/Product/Detail/1741891?itemListName=%25ec%2598%25a4%25eb%258a%2598%252b%25eb%25b2%25a0%25ec%258a%25a4%25ed%258a%25b8,오늘+마켓,(신규가입만 해당)크리넥스 3겹 데코 & 소프트 28m 24롤 X 2,"14,630원",무료,,코멘트
fm,https://www.fmkorea.com/7133662411,"[steam] Trine 2 (5,040원) (무료)",2024.06.12 10:32,응급환자,14563,5,6,https://store.steampowered.com/app/35720/Trine_2_Complete_Story/,steam,Trine 2,"5,040원",무료,,코멘트
fm,https://www.fmkorea.com/7133639536,"[네이버] 포카리스웨트 340ml 무라벨 PET 20입 2박스(총 40개) (22,500원) (무료)",2024.06.12 10:22,행복,8224,5,14,https://naver.me/5z54kVz3,네이버,포카리스웨트 340ml 무라벨 PET 20입 2박스(총 40개),"22,500원",무료,,코멘트
fm,https://www.fmkorea.com/7133623369,"[11번가] 삼성 비스포크 그랑데AI 24kg세탁기 20kg건조기 세트 (1,719,500원) (무료)",2024.06.12 10:14,제발그만해줘,9745,8,19,https://www.11st.co.kr/products/5066325744/share,11번가,삼성 비스포크 그랑데AI 24kg세탁기 20kg건조기 세트,"1,719,500원",무료,"카드결제시 1,719,500원 / 포토리뷰 작성시 상품권 2만원 받으면 체감가 169만대",코멘트
fm,https://www.fmkorea.com/7133587722,"[11번가] 해뜬날 오징어볶음 500g 1팩 (6,960원) (무료)",2024.06.12 09:57,이금파,19182,22,55,https://www.11st.co.kr/products/6953535682,11번가,해뜬날 오징어볶음 500g 1팩,"6,960원",무료,,코멘트
fm,https://www.fmkorea.com/7133580811,"[패션플러스] 푸마 남성 드로즈 3종 세트 (13,410원) (무료)",2024.06.12 09:53,통닭신사,15484,17,10,https://www.fashionplus.co.kr/goods/detail/280482440,패션플러스,푸마 남성 드로즈 3종 세트,"13,410원",무료,,코멘트
fm,https://www.fmkorea.com/7133574301,"[네이버] 포카리스웨트 340ml 무라벨 20입 (11,680원) (무료)",2024.06.12 09:51,서리서나,7184,6,11,https://brand.naver.com/donga-otsuka/products/10154162596,네이버,포카리스웨트 340ml 무라벨 20입,"11,680원",무료,,코멘트
fm,https://www.fmkorea.com/7133567241,"[쿠팡] 벨킨 맥세이프 보조배터리 5000mAh (46,900원) (무료)",2024.06.12 09:50,김치치즈스무디,22817,-2,32,https://link.coupang.com/a/bFhtVI,쿠팡,벨킨 맥세이프 보조배터리 5000mAh,"46,900원",무료,"분명 핫딜인데 가성비 창렬인 제품,샤오미가 더 싸고 ,애싸게는 더 싸다,신한 우리 롯데 국민 농협 하나 삼성 46,900원",코멘트
fm,https://www.fmkorea.com/7133549528,"[위메프] 포코폰 X6 PRO  (8기가램 /256기가) (313,130원) (무료)",2024.06.12 09:43,축신폴란두,19629,6,52,https://mw.wemakeprice.com/share/deal/631605108?t=1718094906,위메프,포코폰 X6 PRO  (8기가램 /256기가),"313,130원",무료,"개인적으로는 12기가 512기가가 저렴하게 나온듯,직구라 2-3주 걸립니다.,알리랑 달리 카드사별 무이자 할부도됨",코멘트
fm,https://www.fmkorea.com/7133543913,"[롯데온] 호올스 7종 10+10개 / 호올스40개+미니서큘레이터 증정 (9,190/16,200) (무료)",2024.06.12 09:39,인간사료,6049,1,18,https://www.lotteon.com/m/product/LO2206109013,롯데온,호올스 7종 10+10개 / 호올스40개+미니서큘레이터 증정,"9,190/16,200",무료,"40개는 서큘 포함 옵션 추천 ,https://www.lotteon.com/p/product/LO2278262797,https://www.lotteon.com/p/product/LO2120230530,https://www.lotteon.com/m/product/LO2050524573,https://www.lotteon.com/p/product/LO2049789907",코멘트
fm,https://www.fmkorea.com/7133546692,"[위메프] 2080 프로폴리투스 치약 100g 9개 + 치약 50g 2개 증정 (10,600원) (무료)",2024.06.12 09:36,우니짱,3696,0,5,https://mw.wemakeprice.com/deal/631617879,위메프,2080 프로폴리투스 치약 100g 9개 + 치약 50g 2개 증정,"10,600원",무료,2080 프로폴리투스 치약 할인 중,코멘트
fm,https://www.fmkorea.com/7130816319,"[떠리몰] 자담치킨 국내산 동물복지 반마리 건강 삼계탕 800g 4팩 (유통기한 09/12) (페이코13,756) (0원)",2024.06.12 09:31,히트만,7399,-2,23,https://m.thirtymall.com/goods/goods_view.php?goodsNo=269330,떠리몰,자담치킨 국내산 동물복지 반마리 건강 삼계탕 800g 4팩 (유통기한 09/12),"페이코13,756",0원,실온보관 아니고 냉동보관이라 먹기전에 해동하면 되니 참고,코멘트
fm,https://www.fmkorea.com/7133529047,"[11번가] 뽀로로앤타요 테마파크 제주 (17,000~) (무료)",2024.06.12 09:28,스콜스는오브콜스,3243,3,5,https://www.11st.co.kr/products/7214649629,11번가,뽀로로앤타요 테마파크 제주,"17,000~",무료,"대인 17,000원,소인 22,950원,유효기간 구매 후 30일 확인하고 구매하세요",코멘트
fm,https://www.fmkorea.com/7133507962,"[쿠팡] 칠성사이다 제로 210ml x 30캔 (11,860원) (무료)",2024.06.12 09:17,나그파,5827,18,9,https://www.coupang.com/vp/products/4918397652?itemId=21129611172&vendorItemId=85499754436&src=1191000&spec=10999999&addtag=400&ctag=4918397652&itime=20240612091740&pageType=PRODUCT&pageValue=4918397652&wPcid=17181514602454810815252&wRef=&wTime=20240,쿠팡,칠성사이다 제로 210ml x 30캔,"11,860원",무료,,코멘트
fm,https://www.fmkorea.com/7133496128,"[티몬] [단하루] 프로틴 연어칩35G 2종(갈릭맛, 타르타르맛)_3개+3개 총 6개 (5,610원) (무료)",2024.06.12 09:10,칸예와나이키,4843,4,5,https://www.tmon.co.kr/deal/26389943558,티몬,"[단하루] 프로틴 연어칩35G 2종(갈릭맛, 타르타르맛)_3개+3개 총 6개","5,610원",무료,,코멘트
fm,https://www.fmkorea.com/7133488117,"[하프클럽] 게스 드로즈 8종 (39,000원) (무료)",2024.06.12 09:05,배홍동비빔면,8902,4,7,https://nm.halfclub.com/detail?productNo=359950024,하프클럽,게스 드로즈 8종,"39,000원",무료,난 구매해서 배송중,코멘트
fm,https://www.fmkorea.com/7133483595,"[네이버] 스파오 페이크삭스 5P (2,580원) (무료)",2024.06.12 09:02,산탄,9809,-3,4,https://naver.me/FPnRZhvY,네이버,스파오 페이크삭스 5P,"2,580원",무료,,코멘트
fm,https://www.fmkorea.com/7133475252,"[위메프] 100%생망고 SRC 스위트 아이스 망고스틱 50g x 40개 (20,990원) (무료)",2024.06.12 08:59,나그파,7331,3,12,https://mw.wemakeprice.com/deal/631496643,위메프,100%생망고 SRC 스위트 아이스 망고스틱 50g x 40개,"20,990원",무료,생망고 막대기 꼽아서 얼린거고 딱 그맛임,코멘트
fm,https://www.fmkorea.com/7133467704,"[롯데온] 삼성전자 SL-T2275FW 컬러 무한잉크젯복합기 (264,000원) (무료)",2024.06.12 08:54,예비후보,5999,1,11,https://www.lotteon.com/p/product/LO1856083048,롯데온,삼성전자 SL-T2275FW 컬러 무한잉크젯복합기,"264,000원",무료,"선택쿠폰 11% + 중복쿠폰 5% + 네이버페이 10%,와이파이 팩스 가능 모델이고 컬러임",코멘트
fm,https://www.fmkorea.com/7133466094,"[위메프] 허닭 1+1+1 체험팩 (비엔나+그릴드한입닭다리구이블랙알리오+고구마치즈핫도그) (2,940원) (3,000원)",2024.06.12 08:54,게코모리아,7818,7,10,https://mw.wemakeprice.com/deal/631210297,위메프,허닭 1+1+1 체험팩 (비엔나+그릴드한입닭다리구이블랙알리오+고구마치즈핫도그),"2,940원","3,000원",,코멘트
fm,https://www.fmkorea.com/7133457250,"[쿠팡] 덴로쿠 스낵믹스 (5,680원) (무료)",2024.06.12 08:49,밤의아이,17547,6,16,https://link.coupang.com/a/bFgVix,쿠팡,덴로쿠 스낵믹스,"5,680원",무료,싼듯,코멘트
fm,https://www.fmkorea.com/7133447007,"[위메프플러스] 하림 팝콘치킨 180g 6봉 (6,900원) (무료)",2024.06.12 08:44,모구링,9476,5,6,https://plus.wemakeprice.com/g/1133228972,위메프플러스,하림 팝콘치킨 180g 6봉,"6,900원",무료,,코멘트
fm,https://www.fmkorea.com/7133434486,"[쿠팡] 후버 사과주스, 200ml, 30개 (9,920원) (무료)",2024.06.12 08:38,식후유산소,5436,2,7,https://www.coupang.com/vp/products/7375677782?itemId=3974071683&vendorItemId=71958410549,쿠팡,"후버 사과주스, 200ml, 30개","9,920원",무료,,코멘트
fm,https://www.fmkorea.com/7133408608,"[쿠팡] 어메이징 오트 언스위트 190ml 24개 (8,790원) (와우무료)",2024.06.12 08:29,이래도먹을래,5835,2,4,https://link.coupang.com/a/bFgNOc,쿠팡,어메이징 오트 언스위트 190ml 24개,"8,790원",와우무료,물 대신에 이거에 프로틴 타먹음,코멘트
fm,https://www.fmkorea.com/7133398418,"[위메프] 국내산 열무김치 2kg (8,510원) (무료)",2024.06.12 08:24,산탄,2581,1,1,https://mw.wemakeprice.com/deal/631617900,위메프,국내산 열무김치 2kg,"8,510원",무료,,코멘트
fm,https://www.fmkorea.com/7133350871,"[티몬] 구이요 소곱창 160g + 참소스 (4,990원) (무료)",2024.06.12 07:48,아르네슬롯,5190,-3,14,https://mobile.tmon.co.kr/deals/21661005642?deal_srl=21661005642&keyword=%EA%B5%AC%EC%9D%B4%EC%9A%94&tl_area=MWSALL&tl_ord=3&searchClick=DL%7CND%7CBM&thr=ms,티몬,구이요 소곱창 160g + 참소스,"4,990원",무료,에프에 돌려먹으면 맛있음,코멘트
fm,https://www.fmkorea.com/7133113777,"[네이버] 스파오 드로즈 (4,450원) (무료)",2024.06.12 02:46,밤의아이,106130,46,123,https://m.brand.naver.com/spao/products/9968633435,네이버,스파오 드로즈,"4,450원",무료,"색상별 각 1개씩 4450원씩 구매하면,둘 다 2300원씩 적립가능,실 구매가 2100원정도, 라운지 가입안해도 됨,스파오 다른 제품들도 현재 쌈,싼듯",코멘트
fm,https://www.fmkorea.com/7132962396,"[11번가] 동일식품 어포튀각/청양고추맛 어포튀각, 90g 12개 (21,900원) (무료)",2024.06.12 01:32,스콜스는오브콜스,10629,-6,9,https://11st.co.kr/products/pa/5299486742,11번가,"동일식품 어포튀각/청양고추맛 어포튀각, 90g 12개","21,900원",무료,,코멘트
fm,https://www.fmkorea.com/7132828440,"[위메프] 배달의민족 상품권 5% 2만원권 외 (19,000원) (무료)",2024.06.12 00:43,강당,18057,-15,28,https://mw.wemakeprice.com/deal/631260777,위메프,배달의민족 상품권 5% 2만원권 외,"19,000원",무료,,코멘트
fm,https://www.fmkorea.com/7132798074,"[위메프] CJ 스팸 클래식 340g 10개 외 햇반/잡곡밥/비비고/스팸/고메 등 (29,760원) (무료)",2024.06.12 00:37,맛째이,6261,11,8,https://mw.wemakeprice.com/share/deal/629422211?t=1717724341,위메프,CJ 스팸 클래식 340g 10개 외 햇반/잡곡밥/비비고/스팸/고메 등,"29,760원",무료,많이 비싸지긴했지만 근래 가격에서 다운돼서 공유해요 ㅊㅊ,코멘트
fm,https://www.fmkorea.com/7132783954,"[위메프] 럭스 매직스펠 바디워시 1kg 2개 (10,050원) (무료)",2024.06.12 00:30,뜡뜡한뜡이,11416,6,11,https://mw.wemakeprice.com/deal/629557464,위메프,럭스 매직스펠 바디워시 1kg 2개,"10,050원",무료,"대용량이라 좋은거 같고 그외 샴푸랑 다른것도 있으니 같이 보면 좋을듯 ,저번보다 510원정도? 더 가격내려가서 올려봄 ",코멘트
fm,https://www.fmkorea.com/7130581936,"[오늘의집] 원데이 그래놀라 오리지널 20g 100봉 (19,894원) (0원)",2024.06.12 00:21,히트만,12023,5,11,https://ozip.me/X1uMB6U,오늘의집,원데이 그래놀라 오리지널 20g 100봉,"19,894원",0원,"달달해서 그냥 먹어도 맛있는데,우유나 요거트랑 같이 먹으면 더 괜찮고,식감 바삭하니 참고",코멘트
fm,https://www.fmkorea.com/7132755588,"[위메프] 명진 홈에디션 투컬러 고무장갑 10켤레 + 속장갑 2켤레 (8,420원) (무료)",2024.06.12 00:21,Bkornblu,2987,2,1,https://mw.wemakeprice.com/deal/631392903,위메프,명진 홈에디션 투컬러 고무장갑 10켤레 + 속장갑 2켤레,"8,420원",무료,고무장갑 많이쓰는집은 한번에 할인할때 사두면 좋음 ,코멘트
fm,https://www.fmkorea.com/7132729760,"[위메프플러스] 잔슨빌 오리지날 스모크 1670g 대용량 (19,970원) (무료)",2024.06.12 00:14,아오배고픈데,34772,20,77,https://plus.wemakeprice.com/g/1185664094/Q203254996?__langcd=ko&__currency=KRW&app_id=QSHOP&deal_no=1768,위메프플러스,잔슨빌 오리지날 스모크 1670g 대용량,"19,970원",무료,"오리지날 스모크 1670g,베다위드체다 1670g,스킨라스 스모크 1814g,가격동일,선택후 결제창 들어가셔서,결제할인 눌러주시고,삼성 국민 농협 카드로 결제시 2000원 할인,할인받으면 19970원 나옵니다,포인트 교환해서 사시면,15070원 나오겠네영,포인트 남은거 쓰기에도 굿",코멘트
fm,https://www.fmkorea.com/7132686326,"[위메프플러스] 액츠 클린젤 세탁세제 3.1L x 3통 총 9.3L (12,900원) (무료)",2024.06.12 00:12,dlwltn,6289,3,1,https://plus.wemakeprice.com/GMKT.INC/Goods/Goods.aspx?goodscode=1059767413,위메프플러스,액츠 클린젤 세탁세제 3.1L x 3통 총 9.3L,"12,900원",무료,"리터당 1,387원이라 괜춘한듯,쟁여놓고 쓸사람 ㄱㄱ염",코멘트
