site,url,recommend,title,comment,shoppingmall,price,deliveryfee,category,time,author
fm,https://www.fmkorea.com/7142196233,0,불스원 가성비 실속 세차용품 10종 세트+사은품(2IN1발수코팅제),0,G마켓,"18,900원",무료,생활용품,2024-06-14 16:41,내꿈은축구왕
fm,https://www.fmkorea.com/7142188647,1,국민/롯데/삼성/ LG전자 QHD 게이밍 모니터 32GP83B,1,쿠팡,"433,000원",무료,PC제품,2024-06-14 16:39,dante011
fm,https://www.fmkorea.com/7142177188,2,아이팝 생수 2L x 24,2,인터파크,"9,030원",무료,먹거리,2024-06-14 16:35,인간사료
fm,https://www.fmkorea.com/7142085613,17,빈타이 베트남쌀국수 30팩/민짜이 프리미엄 버섯쌀국수15팩,17,오늘의집,"24,900~",무배,먹거리,2024-06-14 16:07,마치마찌
fm,https://www.fmkorea.com/7141967305,5,뮤지컬 어쩌면해피엔딩,10,위메프,"최저44,000원",무료,패키지/이용권,2024-06-14 15:28,장모치와와
fm,https://www.fmkorea.com/7141959059,5,푸팟퐁구리큰사발면 4개+김치짜구리큰사발면 4개,24,오늘의집,"11,208원",무료,먹거리,2024-06-14 15:26,잡코리아
fm,https://www.fmkorea.com/7141891377,9,미국산 소갈비살 200그람 3팩,34,티몬,"15,627원",무료,먹거리,2024-06-14 15:03,꿀돼지
fm,https://www.fmkorea.com/7141894260,2,신세계푸드 올반 쭈꾸미볶음 300g 4팩,2,위메프,"17,900원",무료,먹거리,2024-06-14 15:02,우주선미
fm,https://www.fmkorea.com/7141867379,23,유니클로 U 드러우스트링 백팩,38,위시플러스,"21,290원",무료,의류,2024-06-14 14:53,안녕하삼12
fm,https://www.fmkorea.com/7141859704,23,듀오백 Q7 에어로 Q7-05HLDA-M Airo 풀메쉬,73,위메프,"185,670원",무료,기타,2024-06-14 14:51,나그파
fm,https://www.fmkorea.com/7141807222,19,육개장사발면12입 + 김치사발면12입,33,네이버,"13,300원",무료,먹거리,2024-06-14 14:32,게코모리아
fm,https://www.fmkorea.com/7141805182,14,득근파티 스팀닭가슴살 100g 42팩,56,위메프,"33,340원",무료,먹거리,2024-06-14 14:32,종말의늪
fm,https://www.fmkorea.com/7141761661,2,지오다노 쿨맥스 테이퍼드 히든밴딩 슬랙스,22,롯데온,"24,330원",무료,의류,2024-06-14 14:17,야옹이입니다
fm,https://www.fmkorea.com/7141747005,48,LG전자 FHD 울트라기어 게이밍모니터 24gn60r,191,쿠팡,"126,720원",와우회원무료,PC제품,2024-06-14 14:11,샤건의집현전
fm,https://www.fmkorea.com/7141679105,4,CGN 캘리포니아 골드 뉴트리션 꿀벌 프로폴리스 240정 x 2병,9,G마켓,"유클32,560원",무료,먹거리,2024-06-14 13:51,건담은말은안건담
fm,https://www.fmkorea.com/7141658654,62,아무때나 무료배송쿠폰,118,SSG닷컴,무료,무료,기타,2024-06-14 13:44,시네키노
fm,https://www.fmkorea.com/7141656340,9,엘든 링 황금나무의 그림자 PC 버전 (21일 코드발송),36,네이버스토어,"44,800원",무료,SW/게임,2024-06-14 13:43,건담은말은안건담
fm,https://www.fmkorea.com/7141595582,14,농심 배홍동 비빔면 137g 8개,24,쿠팡,"4,860원",무료,먹거리,2024-06-14 13:22,산탄
fm,https://www.fmkorea.com/7141570998,5,"[KT콘텐츠페이] 19일, 20일 결제시 조건부 할인(애플, 마소, 구글 스토어)",22,KT,할인,무료,세일정보,2024-06-14 13:20,목성
fm,https://www.fmkorea.com/7141523466,4,새청무쌀 상등급 20kg 롯데카드,4,롯데온,"39,900원",무료,먹거리,2024-06-14 12:59,먀마미미먀
fm,https://www.fmkorea.com/7142196233,0,불스원 가성비 실속 세차용품 10종 세트+사은품(2IN1발수코팅제),0,G마켓,"18,900원",무료,생활용품,2024-06-14 16:41,내꿈은축구왕
fm,https://www.fmkorea.com/7142188647,1,국민/롯데/삼성/ LG전자 QHD 게이밍 모니터 32GP83B,1,쿠팡,"433,000원",무료,PC제품,2024-06-14 16:39,dante011
fm,https://www.fmkorea.com/7142177188,2,아이팝 생수 2L x 24,2,인터파크,"9,030원",무료,먹거리,2024-06-14 16:35,인간사료
fm,https://www.fmkorea.com/7142085613,17,빈타이 베트남쌀국수 30팩/민짜이 프리미엄 버섯쌀국수15팩,17,오늘의집,"24,900~",무배,먹거리,2024-06-14 16:07,마치마찌
fm,https://www.fmkorea.com/7141967305,5,뮤지컬 어쩌면해피엔딩,10,위메프,"최저44,000원",무료,패키지/이용권,2024-06-14 15:28,장모치와와
fm,https://www.fmkorea.com/7141959059,5,푸팟퐁구리큰사발면 4개+김치짜구리큰사발면 4개,24,오늘의집,"11,208원",무료,먹거리,2024-06-14 15:26,잡코리아
fm,https://www.fmkorea.com/7141891377,9,미국산 소갈비살 200그람 3팩,34,티몬,"15,627원",무료,먹거리,2024-06-14 15:03,꿀돼지
fm,https://www.fmkorea.com/7141894260,2,신세계푸드 올반 쭈꾸미볶음 300g 4팩,2,위메프,"17,900원",무료,먹거리,2024-06-14 15:02,우주선미
fm,https://www.fmkorea.com/7141867379,23,유니클로 U 드러우스트링 백팩,38,위시플러스,"21,290원",무료,의류,2024-06-14 14:53,안녕하삼12
fm,https://www.fmkorea.com/7141859704,23,듀오백 Q7 에어로 Q7-05HLDA-M Airo 풀메쉬,73,위메프,"185,670원",무료,기타,2024-06-14 14:51,나그파
fm,https://www.fmkorea.com/7141807222,19,육개장사발면12입 + 김치사발면12입,33,네이버,"13,300원",무료,먹거리,2024-06-14 14:32,게코모리아
fm,https://www.fmkorea.com/7141805182,14,득근파티 스팀닭가슴살 100g 42팩,56,위메프,"33,340원",무료,먹거리,2024-06-14 14:32,종말의늪
fm,https://www.fmkorea.com/7141761661,2,지오다노 쿨맥스 테이퍼드 히든밴딩 슬랙스,22,롯데온,"24,330원",무료,의류,2024-06-14 14:17,야옹이입니다
fm,https://www.fmkorea.com/7141747005,48,LG전자 FHD 울트라기어 게이밍모니터 24gn60r,191,쿠팡,"126,720원",와우회원무료,PC제품,2024-06-14 14:11,샤건의집현전
fm,https://www.fmkorea.com/7141679105,4,CGN 캘리포니아 골드 뉴트리션 꿀벌 프로폴리스 240정 x 2병,9,G마켓,"유클32,560원",무료,먹거리,2024-06-14 13:51,건담은말은안건담
fm,https://www.fmkorea.com/7141658654,62,아무때나 무료배송쿠폰,118,SSG닷컴,무료,무료,기타,2024-06-14 13:44,시네키노
fm,https://www.fmkorea.com/7141656340,9,엘든 링 황금나무의 그림자 PC 버전 (21일 코드발송),36,네이버스토어,"44,800원",무료,SW/게임,2024-06-14 13:43,건담은말은안건담
fm,https://www.fmkorea.com/7141595582,14,농심 배홍동 비빔면 137g 8개,24,쿠팡,"4,860원",무료,먹거리,2024-06-14 13:22,산탄
fm,https://www.fmkorea.com/7141570998,5,"[KT콘텐츠페이] 19일, 20일 결제시 조건부 할인(애플, 마소, 구글 스토어)",22,KT,할인,무료,세일정보,2024-06-14 13:20,목성
fm,https://www.fmkorea.com/7141523466,4,새청무쌀 상등급 20kg 롯데카드,4,롯데온,"39,900원",무료,먹거리,2024-06-14 12:59,먀마미미먀
fm,https://www.fmkorea.com/7141509687,9,나이키 레볼루션7 남성 운동화 카카오페이,20,티몬,"48,640원",무료,의류,2024-06-14 12:54,종말의늪
fm,https://www.fmkorea.com/7141504918,1,보디가드 드로즈 5종,5,하프클럽,"19,710원",무료,의류,2024-06-14 12:52,배홍동비빔면
fm,https://www.fmkorea.com/7141483277,6,CGN 마그네슘 비스글리시네이트 200mg 240베지캡슐 2개,17,옥션,"43,890원",무료,기타,2024-06-14 12:52,통신문란
fm,https://www.fmkorea.com/7141484936,7,하와이 와이키키 자유여행 4박6일,30,위메프,"1,296,000원~",무료,기타,2024-06-14 12:46,종말의늪
fm,https://www.fmkorea.com/7141432058,3,과천 서울랜드 종일이용권,23,위메프,"19,500원",무료,패키지/이용권,2024-06-14 12:30,디팩
fm,https://www.fmkorea.com/7141421371,2,올반 팬피자 4판 골라담기 유클,16,옥션,"17,160원",무료,먹거리,2024-06-14 12:25,제발그만해줘
fm,https://www.fmkorea.com/7141372742,1,쏜리서치 마그네슘 시트라메이트 90캡슐 3통,35,11번가,"39,900원",0원,먹거리,2024-06-14 12:10,히트만
fm,https://www.fmkorea.com/7141361880,-8,베이스어스 최신형 C타입 100W 초고속 릴케이블,21,쿠팡,"12,800원",무료,가전제품,2024-06-14 12:05,산탄
fm,https://www.fmkorea.com/7141335156,3,필립스 SkinIQ 9000 면도기 아드리아틱블루 S9980/54 세척액 패키지+코털트리머 증정,14,지마켓,"269,560원",무료,가전제품,2024-06-14 11:55,본인:
fm,https://www.fmkorea.com/7141276157,8,신세계 밀크앤허니 롤케익 외 모음,18,티몬,"13,974원",무료,먹거리,2024-06-14 11:35,우니짱
fm,https://www.fmkorea.com/7141261655,6,컨셉원 슬랙스 3종 균일가,26,롯데온,"17,550원",무료,의류,2024-06-14 11:29,Impopy
fm,https://www.fmkorea.com/7141207031,10,썬키스트 제로 190ml 60캔 골라담기 (복숭아레몬+자두자몽소다),28,롯데온,"18,880원",무료,먹거리,2024-06-14 11:08,베지타
fm,https://www.fmkorea.com/7141187711,5,더빠삭 오리지널 순살치킨 1kg x3개,10,떠리몰,"22,202원",무료,먹거리,2024-06-14 11:02,모여봐요동물의숲
fm,https://www.fmkorea.com/7141190282,9,냉장 닭다리살(정육) 순살 1kg*2팩 (농협카드할인가),28,11번가,"15,880원",무료,먹거리,2024-06-14 11:02,명수는못말려
fm,https://www.fmkorea.com/7141189817,-7,매직쉐프 스타일리쉬 음식물처리기 3L MFW-V3000W,20,공영쇼핑,"269,100원",무료,가전제품,2024-06-14 11:01,모코모코코
fm,https://www.fmkorea.com/7141156177,2,프랭클린 아기 물티슈 캡형 70매 4팩 평량 75,9,네이버,"3,000원",무배,생활용품,2024-06-14 10:47,본인이야
fm,https://www.fmkorea.com/7141136272,9,목우촌 프라임 한입돈까스 500g 4봉 토스페이,25,티몬,"21,793원",무료,먹거리,2024-06-14 10:40,잉토진짜접음
fm,https://www.fmkorea.com/7141075471,3,스타벅스 네스프레소 10개입(추가할인있음),27,네이버,"5,490원",무료,먹거리,2024-06-14 10:39,리리카
fm,https://www.fmkorea.com/7141125821,102,네이버페이 편의점 2000원 이상 결제 시 500원 적립,138,편의점,0원,0원,세일정보,2024-06-14 10:34,Xera
fm,https://www.fmkorea.com/7141125657,11,목우촌 프라임 통등심 돈까스 500g 3봉다리,13,티몬,"21,793원",무료,먹거리,2024-06-14 10:34,연진1
fm,https://www.fmkorea.com/7141114072,7,"네멤 니베아 공홈 쉐이빙,립밤,선케어,핸드크림등 종류별 오늘만",6,네이버,"8,710~",무료,생활용품,2024-06-14 10:31,foldings
fm,https://www.fmkorea.com/7141091742,2,고평량 82g 골드퍼플 70매 20팩 캡형물티슈(토스),5,오늘의집,"16,920원",무료,생활용품,2024-06-14 10:28,꿀게터
fm,https://www.fmkorea.com/7141111073,2,"롯데 칙촉 오리지널, 168g, 2개",6,쿠팡,"4,870원",무료,먹거리,2024-06-14 10:27,모구링
fm,https://www.fmkorea.com/7141099687,3,"엘반 폰단테 밀크향 토피 초콜릿, 150g, 3개",3,쿠팡,"4,500원",무료,먹거리,2024-06-14 10:22,나그파
fm,https://www.fmkorea.com/7141088087,-9,국내산 열무김치 3kg 농카,1,위메프,"11,790원",무료,먹거리,2024-06-14 10:17,제발그만해줘
fm,https://www.fmkorea.com/7141080344,2,더존건강 한끼 곤약젤리 버라이어티팩 15종 x 2팩 1박스,0,Ak몰,"15,580원",무료,먹거리,2024-06-14 10:14,롤리뿌웅
fm,https://www.fmkorea.com/7141071556,-9,제주 초당옥수수 10개입 15cm 이상 특품 (농협카드),22,위메프,"16,900원",무료,먹거리,2024-06-14 10:10,우주선미
fm,https://www.fmkorea.com/7141045889,1,시리얼 다크초코 프로틴 딜라이트 350g x 2개+통귀리밥 컵 50g,4,오늘의집,"11,114원",무료,먹거리,2024-06-14 10:02,버그
fm,https://www.fmkorea.com/7141051006,2,하루견과 하루간식 20g x 50봉 롯데카드,11,롯데온,"12,320원",무료,먹거리,2024-06-14 10:00,나그파
fm,https://www.fmkorea.com/7141024354,5,쉬크 인튜이션 그린 기획팩 면도기1+면도날4입 + 증정,8,지마켓,"12,900원",무료,생활용품,2024-06-14 09:46,제발그만해줘
fm,https://www.fmkorea.com/7141015870,15,크리스탈생수 무라벨 2Lx12병 카카오페이,10,티몬,"4,499원",무료,먹거리,2024-06-14 09:42,식후유산소
fm,https://www.fmkorea.com/7140990050,9,직구)웨스턴디지털WD BLUE하드8TB HDD/WD80EAAZ,35,위메프,"139,970원",무료,세일정보,2024-06-14 09:31,dante011
fm,https://www.fmkorea.com/7140951133,2,하림 팝콘치킨 180g 6봉,5,위메프,"7,450원",무료,먹거리,2024-06-14 09:07,버지가
fm,https://www.fmkorea.com/7140892893,8,몬스터헌터 번들,45,파나티컬,29.99달러,무료,SW/게임,2024-06-14 08:28,원피스!
fm,https://www.fmkorea.com/7140884954,4,"일화 부르르 제로사이다, 250ml, 30개",13,쿠팡와우,"9,650원",0원,먹거리,2024-06-14 08:22,골박무새
fm,https://www.fmkorea.com/7140884849,9,오이 2kg,33,네이버,"4,800원",무료,먹거리,2024-06-14 08:22,밤의아이
fm,https://www.fmkorea.com/7140881399,23,하늘보리 에코 1.5L x 12페트,34,쿠팡와우,"10,870원",0원,먹거리,2024-06-14 08:19,골박무새
fm,https://www.fmkorea.com/7140788983,98,가성비 짱 새 책같은 중고도서 100종 골라담기,151,11번가,"3,900원~",무료,기타,2024-06-14 06:28,빡쳄
fm,https://www.fmkorea.com/7140728422,5,리챔 오리지널 핫치폴레핫 더블라이트,25,알리,"19,740원",무료,먹거리,2024-06-14 04:45,내꿈은핫딜마스터
fm,https://www.fmkorea.com/7140727010,21,통그릴 비엔나 1kg x 2개,44,알리,"14,678원",무료,먹거리,2024-06-14 04:42,내꿈은핫딜마스터
fm,https://www.fmkorea.com/7140725747,6,썬키스트 자몽소다 355ml 24입,20,알리,"10,430원",무료,먹거리,2024-06-14 04:40,내꿈은핫딜마스터
fm,https://www.fmkorea.com/7140400807,35,다우니 섬유유연제 200ml x 3종 체험,45,네이버스토어,0원,"3,500원",생활용품,2024-06-14 01:02,6x9=74
fm,https://www.fmkorea.com/7134511591,-7,누리푸드 호주 청정우 차돌박이 (3초구이 샤브용) 250gx4팩,27,롯데온,"롯데14,060",0원,먹거리,2024-06-14 00:57,히트만
fm,https://www.fmkorea.com/7140347371,34,크라운 카라멜콘과땅콩 72g x 4봉,69,쿠팡,"3,160원",무료,먹거리,2024-06-14 00:43,Bkornblu
fm,https://www.fmkorea.com/7140333828,24,디퓨저 150ml,42,네이버스토어,"1,000원",-,생활용품,2024-06-14 00:39,6x9=74
fm,https://www.fmkorea.com/7140307181,11,트라이 45수 솔리드 스판 트렁크 4장,20,롯데온,"16,900원",무료,의류,2024-06-14 00:32,Bkornblu
fm,https://www.fmkorea.com/7140275716,8,청우 플랑 납작복숭아 160g 1박스,23,쿠팡와우,"2,190원",무료,먹거리,2024-06-14 00:24,롤리뿌웅
fm,https://www.fmkorea.com/7140278746,6,(고디바 1+1) 더블 초콜릿 소프트아이스크림 (와플콘),33,11번가,"7,800원",무료,먹거리,2024-06-14 00:23,목성
fm,https://www.fmkorea.com/7140261710,12,한돈 돼지갈비찜용 고기 1kg,31,알리,"9,962원",무료,먹거리,2024-06-14 00:18,나그파
fm,https://www.fmkorea.com/7138455500,2,돌핀 폴라레티 후르츠 400ml 3팩 + 해피썸머 400ml 3팩,7,티몬,"토스9,975",0원,먹거리,2024-06-14 00:17,히트만
fm,https://www.fmkorea.com/7140224556,14,프린트스타 7.4oz 라운드 오버핏 무지 반팔티 2장,32,롯데온,"17,940원",무료,의류,2024-06-14 00:15,슈빵이여
fm,https://www.fmkorea.com/7140248003,13,완도 활전복 1kg 7-8미,17,위메프,"24,760원",무료,먹거리,2024-06-14 00:14,제발그만해줘
fm,https://www.fmkorea.com/7140202402,2,액츠 클린젤 세탁세제 3.1L x 3개 + 피죤 고농축 50mL x 2개,2,위메프,"13,210원",무료,생활용품,2024-06-14 00:07,스셍님
fm,https://www.fmkorea.com/7140214167,1,농협안심한우 암소 1등급 등심 500g + 500g (총1kg),1,위메프,"39,870원",무료,먹거리,2024-06-14 00:05,케이2
fm,https://www.fmkorea.com/7140212170,46,에픽게임즈 Redout 2 무료배포,26,에픽게임즈,무료,무료,SW/게임,2024-06-14 00:04,목성
fm,https://www.fmkorea.com/7140209845,6,매직캔 호환 가능 이지캔 정품 250 10롤,5,지마켓,"8,900원",무료,생활용품,2024-06-14 00:04,안녕하삼12
fm,https://www.fmkorea.com/7140204096,3,유한양행 유한락스 욕실청소용 500ml 4개,13,오늘의집,"8,930원",무료,생활용품,2024-06-14 00:03,버그
fm,https://www.fmkorea.com/7140202166,13,국산 석박지 5kg,63,ns몰,"11,900원",무료,먹거리,2024-06-14 00:02,Amapai
fm,https://www.fmkorea.com/7140166662,24,신라명과 냉동제품 7종 할인 하나만사도 무배,14,네이버,"3,900원",무료,먹거리,2024-06-14 23:53,청소덕후
fm,https://www.fmkorea.com/7139858296,8,호떡쌀 군만두 960g 16개내외,35,알리,"5,984원",무료,먹거리,2024-06-14 22:26,리우리
fm,https://www.fmkorea.com/7139798799,13,해태 맛동산 90g 4개,13,쿠팡와우,"4,450원",무료,먹거리,2024-06-14 22:10,롤리뿌웅
fm,https://www.fmkorea.com/7139739156,7,사조 해바라기유 900ml 2개,2,쿠팡,"8,040원",무료,먹거리,2024-06-14 21:55,식후유산소
fm,https://www.fmkorea.com/7139737673,13,콜게이트 마우스워시 250ml,12,네이버,"1,000원",무배,생활용품,2024-06-14 21:54,본인이야
fm,https://www.fmkorea.com/7139566061,1,일리윤 바디워시 대용량 약산성 세라마이드 올인원 900ml+리필팩 500ml+시카아크네 바디워시 1회용 파우치,40,네이버쇼핑,"16,400원",무료,화장품,2024-06-14 21:16,낭꼬
fm,https://www.fmkorea.com/7139532146,11,"오리온 초코파이, 468g, 3개",29,쿠팡,"9,900원",무료,먹거리,2024-06-14 21:04,나그파
fm,https://www.fmkorea.com/7139451742,34,오뚜기 콤비네이션 피자 415g 3개(냉동),106,쿠팡로켓와우할인,"10,470원",0원,먹거리,2024-06-14 20:44,신벨
fm,https://www.fmkorea.com/7139340105,7,맥스봉 치즈 525G X 5개,30,알리,"18,995원",무료,먹거리,2024-06-14 20:15,본인:
fm,https://www.fmkorea.com/7139238339,14,삼양 맵탱 봉지라면 4봉 4팩 3맛 픽가능 총 16봉,69,네이버,"9,550원",무료,먹거리,2024-06-14 19:52,foldings
fm,https://www.fmkorea.com/7139204587,-70,애플 아이폰 15 플러스 256GB,75,11번가 타임딜,"1,185,200원",무료,PC제품,2024-06-14 19:47,김치치즈스무디
fm,https://www.fmkorea.com/7139181333,3,TRN Azure Dragon (청룡) / 차이파이 / 잘 만든 평판형 이어폰,40,알리,$130.8,무료배송,PC제품,2024-06-14 19:45,대웅묘
fm,https://www.fmkorea.com/7139114024,4,광동 비타500 오리지널 30병+비타500 칼슘 20병,8,오늘의집,"18,398원",무료,먹거리,2024-06-14 19:18,foldings
fm,https://www.fmkorea.com/7139075888,22,지오다노 여름 프리시즌오프,22,11번가,"7,920~",무료,의류,2024-06-14 19:07,스콜스는오브콜스
fm,https://www.fmkorea.com/7138982287,16,발을씻자 풋샴푸 750ml x2  리필 500ml x2,104,카카오쇼핑하기,"18,500원",무료,생활용품,2024-06-14 18:55,물소_
fm,https://www.fmkorea.com/7138955179,10,피코크 직화구이 떡갈비 450g 4팩,30,네이버,"17,910원",무료,먹거리,2024-06-14 18:38,Amapai
fm,https://www.fmkorea.com/7138909861,67,삼성 G5 게이밍모니터/ 스마트모니터 M7/ 삼성 TV  모음,83,네이버/ 쿠팡,제품별상이,무료,PC제품,2024-06-14 18:36,로젠CJ
fm,https://www.fmkorea.com/7138928830,7,미즈노 웨이브 다이치7 트레킹화,66,지마켓,"59,480원",무료,의류,2024-06-14 18:31,종말의늪
fm,https://www.fmkorea.com/7138893489,31,해표 해바라기유 900ml 3개,31,쿠팡,"13,480원",와우무료,먹거리,2024-06-14 18:21,Amapai
fm,https://www.fmkorea.com/7138793132,6,농심 신라면 120g x 40입,18,11번가,"23,280원",무배,먹거리,2024-06-14 17:57,호날두8카오너
fm,https://www.fmkorea.com/7138785777,8,올반 인생 왕교자 210g 10봉 외,24,네이버,"14,310원",무료,먹거리,2024-06-14 17:52,Impopy
fm,https://www.fmkorea.com/7138766418,6,일화 탑씨 제로 30캔+30캔,16,위메프,"17,900원",무료,먹거리,2024-06-14 17:50,데미그라스
fm,https://www.fmkorea.com/7138726621,16,"미션 나초칩 라운드, 500g, 1개",32,쿠팡,"3,500원",무료,먹거리,2024-06-14 17:38,Bkornblu
fm,https://www.fmkorea.com/7138704689,10,피터씨마켓 가시제로 노르웨이 순살 고등어 750g 2팩,11,네이버,"19,500원",무료,먹거리,2024-06-14 17:32,산탄
fm,https://www.fmkorea.com/7138675386,13,아미노바이탈 2500mg 20개입,51,크로켓,"37,900원",무료,먹거리,2024-06-14 17:26,건담은말은안건담
fm,https://www.fmkorea.com/7138621561,8,미홀 2세대 창문 로봇 청소기,31,오늘의집,"109,000원",무료,가전제품,2024-06-14 17:25,Dov_
fm,https://www.fmkorea.com/7138656310,33,닌텐도 스위치 유니콘 오버로드,93,티몬,"58,159원",무료,SW/게임,2024-06-14 17:20,건담은말은안건담
fm,https://www.fmkorea.com/7138618191,48,신라면 5입 + 너구리 5입 + 짜파게티 10입,63,G마켓,"13,150원",무료,먹거리,2024-06-14 17:08,건담은말은안건담
fm,https://www.fmkorea.com/7138477950,-8,벨킨 3in1,69,쿠팡,"139,120원",무료,생활용품,2024-06-13 00:00,포켓몬헌터
fm,https://www.fmkorea.com/7138350735,11,무궁화 타임비누 90g x 18개,46,지마켓,"9,800원",무료,생활용품,2024-06-13 00:00,Amapai
fm,https://www.fmkorea.com/7138267285,6,"허쉬 코코아 파우더 226g 2개, (쿠팡와우)",69,쿠팡,"11,100원",무료,먹거리,2024-06-13 00:00,코코쟈니
fm,https://www.fmkorea.com/7138197127,15,LG 휘센 벽걸이에어컨 SQ06EA1WCS,115,11번가 타임딜,"482,680원",무료(설치),가전제품,2024-06-13 00:00,김치치즈스무디
fm,https://www.fmkorea.com/7138184938,7,신지모루 고속충전 케이블 1+1+1,52,11번가,"3,300원",무료,생활용품,2024-06-13 00:00,스콜스는오브콜스
fm,https://www.fmkorea.com/7138156263,5,"오뚜기 불고기 피자 (냉동), 396g, 3개",30,쿠팡,"9,840원",로켓프레시1.5만,먹거리,2024-06-13 00:00,밐키판더벤
fm,https://www.fmkorea.com/7138034341,7,만화쇼 슬램덩크/나루토/나히아,25,인터파크,"26,250~","2,500원",세일정보,2024-06-13 00:00,리우리
fm,https://www.fmkorea.com/7138122946,14,삼성 오디세이 Neo G7 S43CG700,43,리퍼,"599,000원",무료,PC제품,2024-06-13 00:00,코코코니
fm,https://www.fmkorea.com/7138108799,32,오미자 닭갈비 500g 4팩 (유클멤버),32,지마켓,"16,660원",무료,먹거리,2024-06-13 00:00,시네키노
fm,https://www.fmkorea.com/7138003513,7,스트라이덱스 핌플패드 맥시멈 스트랭쓰 90매,69,인터파크,"11,230원",무료배송,먹거리,2024-06-13 00:00,우니짱
fm,https://www.fmkorea.com/7137885227,7,"팔도 비락식혜 제로, 238ml, 24개",42,쿠팡,"10,400원",무배,먹거리,2024-06-13 00:00,wakfu
fm,https://www.fmkorea.com/7137851436,16,갤럭시탭 S9 울트라 256GB,119,네이버쇼핑,"1,147,620원",무료,PC제품,2024-06-13 00:00,김치치즈스무디
fm,https://www.fmkorea.com/7137860759,95,롯데시네마 쿠폰 (13일 18시까지),184,kb pay,0원,0원,모바일/상품권,2024-06-13 00:00,식용작물학
fm,https://www.fmkorea.com/7137844911,33,유럽 샐러드 1kg (3~4종),64,네이버,"6,900원",0원,먹거리,2024-06-13 00:00,히트만
fm,https://www.fmkorea.com/7137346130,17,쉬크 쿼트로4 티타늄 날17입 + 면도기 + 쉐이브젤 199g,36,G마켓,"19,900원",무료,먹거리,2024-06-13 00:00,스셍님
fm,https://www.fmkorea.com/7137323570,-15,베베숲 시그니처 위드블루 70매 20팩 + 휴대용 20매 6팩,8,위메프,"30,990원",무료배송,생활용품,2024-06-13 00:00,우니짱
fm,https://www.fmkorea.com/7137314511,215,올 여름도 한국화약 리조트,177,한화리조트 앱,"2박기준125,000",직접차타고,세일정보,2024-06-13 00:00,세르지오라BO스
fm,https://www.fmkorea.com/7137322531,3,더미식 백미밥 210g * 48개 + 찰보리밥 2개,15,11번가,"35,850원",무료,먹거리,2024-06-13 00:00,dlwltn
fm,https://www.fmkorea.com/7137321160,2,크리넥스 실크소프트 미용티슈 250매 3입 2세트,2,위메프+,"12,280원",무료,생활용품,2024-06-13 00:00,제발그만해줘
fm,https://www.fmkorea.com/7137295109,-8,센소다인 오리지날 플러스 2개+후레쉬 2개+멀티케어 2개,14,G마켓,"21,500원",무료,생활용품,2024-06-13 00:00,우니짱
fm,https://www.fmkorea.com/7137288164,12,"광동직영,네멤)삼다수 유/무라벨 랜덤 2L 24개",12,네이버,"18,900원",무료,먹거리,2024-06-13 00:00,foldings
fm,https://www.fmkorea.com/7137283309,7,몽크슈 액상 WITH 알룰로스,21,쿠팡,"5,960원",와우무료,먹거리,2024-06-13 00:00,주팀장냄새쩐다
fm,https://www.fmkorea.com/7137277412,6,"오뚜기 스낵면 컵라면, 6개",0,쿠팡,"3,990원",와우무료,먹거리,2024-06-13 00:00,주팀장냄새쩐다
fm,https://www.fmkorea.com/7137232069,11,"탑씨 제로 오렌지 탄산음료, 1.5L, 12개",11,쿠팡,"10,900원",로켓와우무료,먹거리,2024-06-13 00:00,사상좌무
fm,https://www.fmkorea.com/7137229892,9,올바르고 반듯한 슈퍼크런치 치킨텐더 440g 4개,21,네이버,"18,900원",무료,먹거리,2024-06-13 00:00,스타벅스1인자
fm,https://www.fmkorea.com/7137225849,10,(매머드커피) 디지털상품권 1만원권 (잔액관리형),21,지마켓,"8,800원",무료,모바일/상품권,2024-06-13 00:00,산탄
fm,https://www.fmkorea.com/7137213314,3,사조 살코기 참치 5캔 골라담기(고추/야채/마일드/찌개 등),11,위메프,"4,930원~","3,500원",먹거리,2024-06-13 00:00,식후유산소
fm,https://www.fmkorea.com/7137197573,52,필립스 접이식 스탠드(핸드폰 거치대),120,쿠팡,990원,쿠팡회원은0원,기타,2024-06-13 00:00,물음표살인마에요
fm,https://www.fmkorea.com/7137191215,-14,1등급 한우 국거리 600g,30,한우맘,"13,800원",2만이상무배,먹거리,2024-06-13 00:00,포메아니얀
fm,https://www.fmkorea.com/7137183703,2,반숙란 40구 외 구운란/훈제란,7,위메프,"13,500원",무료,먹거리,2024-06-13 00:00,산탄
fm,https://www.fmkorea.com/7137176299,2,82평량 블랙라벨 물티슈 70매 20팩 유니버스클럽,6,옥션,"21,820원",무료,생활용품,2024-06-13 00:00,wakfu
fm,https://www.fmkorea.com/7137166794,12,더블하트 빨대컵 외 젖병 등 다수,27,위메프,"14,500원",무료,생활용품,2024-06-13 00:00,벵뱅벵
fm,https://www.fmkorea.com/7137163604,2,슈퍼대디 70~85평량 물티슈 20팩 미스터펭 민트,4,티몬,"16,834원",무료,생활용품,2024-06-13 00:00,foldings
fm,https://www.fmkorea.com/7137129401,1,파나소닉 충전식 6중날 전기면도기 ES-LV9AX,85,쿠팡,"399,000원",무료,가전제품,2024-06-13 00:00,눈달
fm,https://www.fmkorea.com/7137067492,17,"빙그레 더단백 드링크 커피 18p, 250ml, 18개",62,쿠팡,"19,310원",와우무료,먹거리,2024-06-13 00:00,6x9=74
fm,https://www.fmkorea.com/7137062431,5,포스탈: 클래식 앤드 언컷,2,스토브,0원,무료,SW/게임,2024-06-13 00:00,트리스
fm,https://www.fmkorea.com/7137051240,4,아몬드브리즈 뉴트리플러스 프로틴 190ml 24팩+6팩 증정(총30팩),9,네이버,"13,600원",무료,먹거리,2024-06-13 00:00,맛째이
fm,https://www.fmkorea.com/7137044361,3,ZSCMALLS 35.56cm 2K WQXGA 휴대용 모니터,6,쿠팡,"91,500원",무료,기타,2024-06-13 00:00,케이2
fm,https://www.fmkorea.com/7137007519,76,보먹돼 삼겹 목살,427,홈플러스 온라인몰,"100g1,200원",4만원구매시무배,먹거리,2024-06-13 00:00,진짜어디가
fm,https://www.fmkorea.com/7136636994,11,"팔도비빔면, 130g x 5개입 x 2팩",37,쿠팡,"6,480원",와우무료,먹거리,2024-06-13 00:00,국힙원탑_IU
fm,https://www.fmkorea.com/7136609759,26,네스카페 믹스커피 40T + 아메리카노 스틱 20T,19,네이버멤버십,"3,000원",무료,먹거리,2024-06-13 00:00,나그파
fm,https://www.fmkorea.com/7136588927,10,울트라 얼티메이트 천연/인조잔디 겸용 축구화,35,지마텟,"69,600원",무배,의류,2024-06-13 00:00,골목미남
fm,https://www.fmkorea.com/7136553451,19,쉐이크쉑 버거 특정메뉴 할인 [목록은 내용 참조],62,티몬,가격다양,무료,먹거리,2024-06-13 00:00,목성
fm,https://www.fmkorea.com/7136547714,7,크리오 펌프 팝 어린이칫솔 유아 키즈 2단계 10개입,8,위메프,"8,620원",무료배송,생활용품,2024-06-13 00:00,우니짱
fm,https://www.fmkorea.com/7136526679,77,롯데시네마 2D 일반관람권,92,롯데온,"7,800원",무료,패키지/이용권,2024-06-13 00:00,목성
fm,https://www.fmkorea.com/7136525545,30,비비고 왕교자 1.05kg 2개+통새우만두 200g 2개,41,네이버,"15,800원",조건부무료,먹거리,2024-06-13 00:00,대구리가르
fm,https://www.fmkorea.com/7136487066,20,하림 수비드 닭가슴살 4종 16팩,62,티몬,"21,593원",무료배송,먹거리,2024-06-13 00:00,일류의삶
fm,https://www.fmkorea.com/7136481586,7,밀카 슈프림 30g 30개 등등,21,티몬,"5,530원",무료,먹거리,2024-06-13 00:00,목성
fm,https://www.fmkorea.com/7136468842,4,해물오꼬노미야끼 밀키트 2인분,17,11번가,"5,360원","3,500원",먹거리,2024-06-13 00:00,게코모리아
fm,https://www.fmkorea.com/7136456722,1,이니스프리 그린티 씨드 히알루론산 스킨케어 세트,19,위메프,"23,800원",무료,화장품,2024-06-13 00:00,Bkornblu
fm,https://www.fmkorea.com/7136444410,-5,천도복숭아 2kg 실중량 중소과 (31-40과),17,위메프,"10,990원",무료,먹거리,2024-06-13 00:00,나그파
fm,https://www.fmkorea.com/7136436853,2,피죤 고농축 섬유유연제 보타닉 베르가못로즈 5.2L,7,위메프플러스,"11,300원",무료,생활용품,2024-06-13 00:00,아오배고픈데
fm,https://www.fmkorea.com/7136414214,18,SK하이닉스 Platinum P41 M.2 SSD 2TB,78,위메프,"182,250원",무료,PC제품,2024-06-13 00:00,목성
fm,https://www.fmkorea.com/7136036064,14,켈로그 크런치 에너지바K 30g 36개입,23,G마켓,"14,300원",무료,먹거리,2024-06-12 00:00,에몽_
