site,url,recommend,title,comment,shoppingmall,price,deliveryfee,category,time,author,views
arca,https://arca.live/b/hotdeal/109277766?p=1,1,청정 암꽃게 알배기 간장게장 2.2kg,12,남도장터,"17,920원",무료,먹거리,2024-06-20 03:12,ㅇㅇ,829
arca,https://arca.live/b/hotdeal/109277638?p=1,1,모즈모즈 반팔&반바지 세트,8,하이버,"28,815원",무료,의류,2024-06-20 03:11,무엇이될상이오,869
arca,https://arca.live/b/hotdeal/109273020?p=1,5,샤오미 JONR 물걸레 청소기 ED12,32,위메프,"117,710원",무료,가전제품,2024-06-20 02:08,ㅇㅇ,2153
arca,https://arca.live/b/hotdeal/109269791?p=1,0,쿨뱀부&모달 드로즈 3종,10,롯데온,"11,860원",무료,의류,2024-06-20 01:20,타일에놀,1329
arca,https://arca.live/b/hotdeal/109268505?p=1,1,하이마블 토마호크 스테이크,7,네이버,"17,920원",무료,먹거리,2024-06-20 01:01,ㅇㅇ,1522
arca,https://arca.live/b/hotdeal/109267788?p=1,12,지금 배추김치 10kg 라고,43,옥션,"26,180원",무료,먹거리,2024-06-20 00:50,벨벳,2109
arca,https://arca.live/b/hotdeal/109267742?p=1,23,쓱 이마트 한달 미구매 삼다수 2리터 6병,26,Ssg,"1,000원",무료,먹거리,2024-06-20 00:49,KKK,2403
arca,https://arca.live/b/hotdeal/109265447?p=1,2,"천연사이다 제로, 250ml, 30개",15,쿠팡와우,"11,770원",무료,먹거리,2024-06-20 00:07,별님미리내,1066
arca,https://arca.live/b/hotdeal/109264296?p=1,1,소프트99 유막제거 G73 + 슈퍼발수 DX,22,11번가,"24,930원",무료,생활용품,2024-06-19 23:45,ㅇㅇ,1972
arca,https://arca.live/b/hotdeal/109258479?p=1,10,양파 3kg 중대혼합,29,우체국 쇼핑몰,"4,000원",무료,먹거리,2024-06-19 19:46,매옹이,2488
arca,https://arca.live/b/hotdeal/109253121?p=1,8,도도한나쵸 오리지널 치즈맛 92g X 24개,28,지마켓,"20,860원",무료,먹거리,2024-06-19 16:52,ㅇㅇ,2837
arca,https://arca.live/b/hotdeal/109251033?p=1,6,팔도 왕뚜껑 18개 1박스 (카카오/토스),22,티몬,"13,947원",무료,먹거리,2024-06-19 16:12,준항고,2249
arca,https://arca.live/b/hotdeal/109249536?p=1,45,6월 미구매자 편의점 2천원권 할인,59,G마켓,100원,무료,모바일/상품권,2024-06-19 15:49,준항고,5258
arca,https://arca.live/b/hotdeal/109248831?p=1,8,"위트빅스 오리지날 시리얼, 1.2kg, 4개",49,쿠팡,"21,420원",무료,먹거리,2024-06-19 15:38,ㅇㅇ,3094
arca,https://arca.live/b/hotdeal/109248461?p=1,3,10분딜 한돈 대패 목살 냉동 600gx2팩,2,티몬,"14,500원",무료,먹거리,2024-06-19 15:33,ㅇㅇ,2389
arca,https://arca.live/b/hotdeal/109248166?p=1,1,빕스 단호박찹스테이크 360g + 감바스라이스 230g 외,8,티몬,"9,697원",무료,먹거리,2024-06-19 15:29,ㅇㅇ,1411
arca,https://arca.live/b/hotdeal/109247969?p=1,1,농심 육개장 86g 24개,14,티몬,"12,987원",무료,먹거리,2024-06-19 15:26,ㅇㅇ,1696
arca,https://arca.live/b/hotdeal/109247528?p=1,2,한솔닭갈비 통닭다리살 닭갈비 2.4kg (매운닭갈비 2 + 간장닭갈비 2),17,위메프,"15,950원",무료,먹거리,2024-06-19 15:20,ㅇㅇ,1888
arca,https://arca.live/b/hotdeal/109246953?p=1,2,양평해장국 700g 4팩 + 떡갈비 2장,10,11번가,"17,900원",무료,먹거리,2024-06-19 15:13,삼먁삼보리,969
arca,https://arca.live/b/hotdeal/109246947?p=1,3,구운계란 대란 60구,5,위메프,"11,830원",무료,먹거리,2024-06-19 15:13,ㅇㅇ,1079
arca,https://arca.live/b/hotdeal/109246306?p=1,7,초당옥수수 특품 10개,30,네이버,"7,900원",무료,먹거리,2024-06-19 15:04,gjapd,1664
arca,https://arca.live/b/hotdeal/109243541?p=1,2,휴대용 디지털 현미경 최대 8X~1000X 줌 가능.,23,알리,$11.48,무료,가전제품,2024-06-19 14:32,밀키,3633
arca,https://arca.live/b/hotdeal/109240965?p=1,18,대역전재판 할인,38,파나티컬,"18,507원",무료,SW/게임,2024-06-19 14:00,iraseonal,5998
arca,https://arca.live/b/hotdeal/109239520?p=1,3,통살 먹태 10마리 + 청양마요소스 2개,12,위메프,"13,900원",무료,먹거리,2024-06-19 13:43,마이혁,1954
arca,https://arca.live/b/hotdeal/109232485?p=1,6,로지텍 MX KEYS MINI,35,"ssg,이마트몰","65,500원",무료,가전제품,2024-06-19 12:24,ㅇㅇ,5645
arca,https://arca.live/b/hotdeal/109228043?p=1,2,ip67 방수 4.3인치 보어스코프 탑재 1080p 무선 내시경,46,알리,$12.56,무료,가전제품,2024-06-19 11:38,밀키,5246
arca,https://arca.live/b/hotdeal/109224124?p=1,10,"오리온 마켓오 브라우니 6p, 120g, 5개",41,쿠팡,"8,020원",무료,먹거리,2024-06-19 10:58,ㅇㅇ,3090
arca,https://arca.live/b/hotdeal/109221582?p=1,2,웰치스 제로 오렌지맛 355ml 뚱캔 24개,23,11번가,"11,790원",무료,먹거리,2024-06-19 10:31,마이혁,2029
arca,https://arca.live/b/hotdeal/109215736?p=1,14,신규 유저 전용 펩시제로 라임향 1.25L*12개,45,알리,"10,730원",무료,먹거리,2024-06-19 09:30,기린그린,6343
arca,https://arca.live/b/hotdeal/109213301?p=1,4,페리오 럭키치약 레트로 버전 120g x 9개,13,위메프,"9,900원",무료,생활용품,2024-06-19 09:01,ㅇㅇ,1767
arca,https://arca.live/b/hotdeal/109212974?p=1,2,육식토끼 소스 닭가슴살 100g x 30팩,40,육식토끼,"29,900원",무료,먹거리,2024-06-19 08:58,ㅇㅇ,3282
arca,https://arca.live/b/hotdeal/109211244?p=1,17,필라델피아 치즈케익 28OZ 794g(플레인/오레오),59,롯데온,"16,240원",무료,먹거리,2024-06-19 08:37,묵화마녀,4696
arca,https://arca.live/b/hotdeal/109209973?p=1,1,산청 쌀 메뚜기쌀 백미 10kg,18,네이버,"19,900원",무료,먹거리,2024-06-19 08:22,불금조아,1596
arca,https://arca.live/b/hotdeal/109208858?p=1,4,오대쌀 20kg 외 쌀 모음전,6,위메프,"47,790원",무료,먹거리,2024-06-19 08:10,ㅇㅇ,1302
arca,https://arca.live/b/hotdeal/109208571?p=1,20,수월우 베리에이션,105,쿠팡,"556,750원",무료,가전제품,2024-06-19 08:06,ㅇㅇ,11750
arca,https://arca.live/b/hotdeal/109208444?p=1,1,크리오 쿨맥스 스트롱민트향 치약 8개+칫솔 2개+여행용세트,1,네이버,"12,900원",무료,생활용품,2024-06-19 08:05,ㅇㅇ,1062
arca,https://arca.live/b/hotdeal/109208407?p=1,22,2년지난)투썸 아이스크림 3종 474ml / 3종 / 4개단위구매,81,떠리몰,"3,790원",무료,먹거리,2024-06-19 08:05,코랄부,8102
arca,https://arca.live/b/hotdeal/109204912?p=1,12,멕시카나 순살 닭강정 500G X 6개,47,SK스토아,"24,586원",무료,먹거리,2024-06-19 07:20,ㅇㅇ,5667
arca,https://arca.live/b/hotdeal/109200433?p=1,2,반건조 오징어 왕특대 5마리 850g,15,농협몰,"12,590원",무료,먹거리,2024-06-19 06:26,나구미,1935
arca,https://arca.live/b/hotdeal/109200171?p=1,7,펩시 제로 제로카페인 355 뚱캔 48개,36,티몬,"28,566원",무료,먹거리,2024-06-19 06:22,린네,4173
arca,https://arca.live/b/hotdeal/109198729?p=1,2,오리지날 어묵바 80g x 10개,3,T딜,"11,900원",무료,먹거리,2024-06-19 06:06,MK아웃,1493
arca,https://arca.live/b/hotdeal/109198409?p=1,2,1++ 한우 세절 국거리 600g,17,네이버,"12,440원",무료,먹거리,2024-06-19 06:03,고9마,2388
arca,https://arca.live/b/hotdeal/109197342?p=1,11,"소프트이어스 켈베로스 이어폰(와우 한정, 재고1개!)",113,쿠팡,"1,963,560원",무료,가전제품,2024-06-19 05:50,아지다하카,6868
arca,https://arca.live/b/hotdeal/109197118?p=1,3,풀무원 탄산수 브리지톡 500ml 20병,3,지마켓,"6,750원",무료,먹거리,2024-06-19 05:46,불금조아,1211
arca,https://arca.live/b/hotdeal/109194682?p=1,1,Yongse BlueMoon 이어폰 케이블(단 1개!),18,알리익스프레스,$13.32,무료,기타,2024-06-19 05:14,인간,2013
arca,https://arca.live/b/hotdeal/109194091?p=2,5,구운계란 대란 60구,10,네이버,"11,920원",무료,먹거리,2024-06-19 05:06,해바라기닉,1931
arca,https://arca.live/b/hotdeal/109193834?p=2,9,부여 굿뜨레 대추 방울토마토 2kg,7,SK스토아,"7,068원",무료,먹거리,2024-06-19 05:02,ㅇㅇ,1307
arca,https://arca.live/b/hotdeal/109190695?p=2,4,놀부 부대찌개 6팩 + 라면사리 4팩,18,티몬,"20,025원",무료,먹거리,2024-06-19 04:22,타일에놀,2249
arca,https://arca.live/b/hotdeal/109189116?p=2,4,빨간 유럽종 완숙 찰 토마토 4kg,7,위메프,"13,200원",무료,먹거리,2024-06-19 04:04,소리스리,1187
arca,https://arca.live/b/hotdeal/109184107?p=2,1,베베숲 시그니처 위드그린 70매 20팩 + 시그니처 그린 20매 6팩,0,위메프,"29,900원",무료,생활용품,2024-06-19 03:05,ㅇㅇ,816
arca,https://arca.live/b/hotdeal/109183501?p=2,8,"뷰르르 제로콜라, 250ml, 30개",55,쿠팡와우,"9,560원",무료,먹거리,2024-06-19 02:58,별님미리내,3805
arca,https://arca.live/b/hotdeal/109183106?p=2,3,DT-35 기계식,49,네이버 스마트 스토어,"42,400원","2,500원",가전제품,2024-06-19 02:54,금재은재동재,6564
arca,https://arca.live/b/hotdeal/109182485?p=2,11,수월우 스타필드2(코인541개+aa8912+네페머니카드),64,알리,$62.75,무료,가전제품,2024-06-19 02:46,빛나,5147
arca,https://arca.live/b/hotdeal/109181169?p=2,5,해피카우 미니 스모크치즈 오스트리아 훈연향 훈연치즈 [원산지:오스트리아,33,네이버쇼핑,"1,960원","4,000원",먹거리,2024-06-19 02:31,점화론자,2311
arca,https://arca.live/b/hotdeal/109179813?p=2,2,프리미엄 한돈 구이용 냉장 목살 500g + 삼겹살 500g,9,네이버,"17,900원",무료,먹거리,2024-06-19 02:17,베블레너로,1486
arca,https://arca.live/b/hotdeal/109179241?p=2,6,[타임딜] 로보캅 로그 시티 - 오후 6시까지,12,다이렉트게임즈,"14,300원",무료,SW/게임,2024-06-19 02:11,응기잇,2146
arca,https://arca.live/b/hotdeal/109178158?p=2,3,"모던하우스 나눔접시 3P (4칸 1P , 2칸2P)",4,위메프,"6,960원",무료,생활용품,2024-06-19 02:01,아루를몰루,1365
arca,https://arca.live/b/hotdeal/109176494?p=2,12,르젠 S급(?)리퍼 BLDC LZDF-TR8시리즈(수량한정),54,르젠공홈,"59,800원",무료,가전제품,2024-06-19 01:39,ㅇㅇ,7801
arca,https://arca.live/b/hotdeal/109175527?p=2,12,수월우 일루미네이션,80,알리익스프레스,"949,847원",무료,가전제품,2024-06-19 01:25,나사,6391
arca,https://arca.live/b/hotdeal/109175032?p=2,3,국내산 냉장 절단육 2kg,6,위메프,"10,790원",무료,먹거리,2024-06-19 01:17,ㅇㅇ,1892
arca,https://arca.live/b/hotdeal/109174922?p=2,3,배틀넷 여름할인 ~67% (7/2까지),26,배틀넷,0원,무료,SW/게임,2024-06-19 01:15,꾸미,5000
arca,https://arca.live/b/hotdeal/109174083?p=2,1,라텍스 고무장갑 5입,11,위메프,"6,720원",무료,생활용품,2024-06-19 01:02,ㅇㅇ,1649
arca,https://arca.live/b/hotdeal/109173629?p=2,1,리벤스 시그니처 고평량 캡형 물티슈 75평량 70매 20팩 + 휴대용 3팩,1,지마켓,"21,870원",무료,생활용품,2024-06-19 00:54,ㅇㅇ,1620
arca,https://arca.live/b/hotdeal/109173138?p=2,9,쟌슨빌 스모크 소시지 벌크형 1670g,63,티몬,"19,926원",무료,먹거리,2024-06-19 00:45,에부이,4297
arca,https://arca.live/b/hotdeal/109170818?p=2,2,고메 중화 짬뽕 652g 3개,24,지마켓,"15,280원",무료,먹거리,2024-06-18 23:53,로로이일로,2309
arca,https://arca.live/b/hotdeal/109169861?p=2,6,(코인샵) 샤오미 미지아 전동 스크루 드라이버,36,알리익스프레스,"14,616원",무료,생활용품,2024-06-18 23:28,키아나,4420
arca,https://arca.live/b/hotdeal/109168977?p=2,4,짐빔 하이볼,56,Cu,"2,400원",무료,먹거리,2024-06-18 23:02,도로쉬,5443
arca,https://arca.live/b/hotdeal/109163778?p=2,17,엑설런트 6개,50,위메프,"26,530원",무료,먹거리,2024-06-18 18:18,Kuws1012,7452
arca,https://arca.live/b/hotdeal/109163324?p=2,2,필립스 일체형 접이식 스탠드,28,쿠팡,990원,무료,가전제품,2024-06-18 18:01,Soloviev,5562
arca,https://arca.live/b/hotdeal/109161428?p=2,5,센서형 쓰레기통 14L,33,알리익스프레스,"4,500원",무료,생활용품,2024-06-18 17:11,발가락보면흥분함,6406
arca,https://arca.live/b/hotdeal/109161411?p=2,1,워터제로 하이브리드 와이퍼 2+2 (차량 2대분),10,지마켓,"8,400원",무료,기타,2024-06-18 17:11,ㅇㅇ,1500
arca,https://arca.live/b/hotdeal/109160519?p=2,6,농심 육개장사발면 24개 유니버스클럽만,7,옥션,"12,450원",무료,먹거리,2024-06-18 16:52,ㅇㅇ,2099
arca,https://arca.live/b/hotdeal/109160037?p=2,3,(코인샵) KBEAR KB01 베릴륨 드라이버 이어폰,46,알리,$9.37,무료,가전제품,2024-06-18 16:43,아카계정새로팜,5193
arca,https://arca.live/b/hotdeal/109158216?p=2,1,코카콜라 제로 300ml 24펫 + (코카콜라 파리올림픽 텀블러),16,11번가,"16,900원",무료,먹거리,2024-06-18 16:13,ㅇㅇ,2902
arca,https://arca.live/b/hotdeal/109155534?p=2,12,광동 비앙떼 유자캐모마일/자몽블랙티 500ml 24+24 총 48개,27,티몬,"14,256원",무료,먹거리,2024-06-18 15:37,ㅇㅇ,2707
arca,https://arca.live/b/hotdeal/109155035?p=2,13,산리오 손거울 가챠(빼빼로 12갑 증정),29,티몬,"8,832원",무료,먹거리,2024-06-18 15:31,salt,6058
arca,https://arca.live/b/hotdeal/109154959?p=2,10,비비고 사골곰탕 500g x 18개,22,알리익스프레스,"9,999원",무료,먹거리,2024-06-18 15:30,ㅇㅇ,1809
arca,https://arca.live/b/hotdeal/109154571?p=2,5,"크라제 함박스테이크 120g*5팩 (카카오5,989원/토스5,990원)",25,티몬,"6,510원",무료,먹거리,2024-06-18 15:26,ㅁㅁㅁㅇㅁ,2419
arca,https://arca.live/b/hotdeal/109154015?p=2,3,천도 복숭아 1kg 6-8과,13,알리익스프레스,"5,000원",무료,먹거리,2024-06-18 15:20,ㅇㅇ,2113
arca,https://arca.live/b/hotdeal/109153891?p=2,3,방울토마토 로얄과 2kg,5,알리익스프레스,"5,000원",무료,먹거리,2024-06-18 15:19,ㅇㅇ,1585
arca,https://arca.live/b/hotdeal/109153423?p=2,2,머스크 멜론 1.6kg,23,알리익스프레스,"5,000원",무료,먹거리,2024-06-18 15:14,ㅇㅇ,1632
arca,https://arca.live/b/hotdeal/109153254?p=2,13,유혜광 수제통등심돈까스 16장,50,티몬,"15,975원",무료,먹거리,2024-06-18 15:12,항뉴다,3716
arca,https://arca.live/b/hotdeal/109152583?p=2,3,대용량 직화 가마솥 감자탕 3kg,4,g마켓,"13,930원",무료,먹거리,2024-06-18 15:05,ㅇㅇ,2773
arca,https://arca.live/b/hotdeal/109152373?p=2,4,한돈 구이용 냉장 목살 500g + 삼겹살 500g,6,네이버,"18,900원",무료,먹거리,2024-06-18 15:02,ㅇㅇ,1321
arca,https://arca.live/b/hotdeal/109152332?p=2,2,다우니 미스티크 섬유유연제 1리터 6개+200ml 3개,1,롯데온,"27,720원",무료,생활용품,2024-06-18 15:02,파타고니,1340
arca,https://arca.live/b/hotdeal/109148272?p=2,5,sn770 2테라(코인1230개 적용시),52,알리,$68.22,무료,PC제품,2024-06-18 14:19,빛나,6169
arca,https://arca.live/b/hotdeal/109147635?p=2,3,ak620 DIGITAL,31,알리,$43.65,무료,PC제품,2024-06-18 14:12,지니영,4816
arca,https://arca.live/b/hotdeal/109147472?p=2,100,1989 천산문,40,스팀,"2,380원",무료,SW/게임,2024-06-18 14:10,칠리콘까르네,8768
arca,https://arca.live/b/hotdeal/109144213?p=2,2,(118코인) 로지텍 MX 마스터 3S,27,알리,"70,813원",무료,가전제품,2024-06-18 13:33,유키민,4691
arca,https://arca.live/b/hotdeal/109144131?p=2,5,웨스턴 디지털 WD SN740 1TB 2TB SSD M.2 2230,33,알리,$72.52,무료,가전제품,2024-06-18 13:32,ㅇㅇ,3186
arca,https://arca.live/b/hotdeal/109142475?p=3,1,아디다스 남성 에어로레디 퍼포먼스 드로즈 8장,2,폰드그룹,"51,900원",무료,의류,2024-06-18 13:12,ㅇㅇ,3073
arca,https://arca.live/b/hotdeal/109141724?p=3,1,완도 활전복 1kg 11-12미,9,11번가,"19,940원",무료,먹거리,2024-06-18 13:04,파타고니,939
arca,https://arca.live/b/hotdeal/109140069?p=3,2,ANKER 24000mah 140w 파워뱅크,9,알리,$64.16,무료,가전제품,2024-06-18 12:48,밀키,3380
arca,https://arca.live/b/hotdeal/109128788?p=3,1,난각번호 1번 자연방사란 계란 10구 (쌍란),42,프레시리더,"3,900원","3,500원",먹거리,2024-06-18 10:43,그로,3924
arca,https://arca.live/b/hotdeal/109126641?p=3,3,"크라운 쿠크다스 화이트, 289g, 1개",33,쿠팡,"2,940원",무료,먹거리,2024-06-18 10:17,ㅇㅇ,2717
arca,https://arca.live/b/hotdeal/109126302?p=3,4,BP60NB10 블루레이 ODD,21,알리,"86,010원",무료,가전제품,2024-06-18 10:13,노노하,4952
arca,https://arca.live/b/hotdeal/109125858?p=3,1,더푸룸 섬유유연제 라벤더 2.5L,6,위메프,"3,000원",무료,생활용품,2024-06-18 10:08,그로,1328
arca,https://arca.live/b/hotdeal/109125731?p=3,0,데일리 무지 화이트 블랙 양말 20켤레,9,옥션,"8,910원",무료,의류,2024-06-18 10:06,ㅇㅇ,2032
arca,https://arca.live/b/hotdeal/109120862?p=3,3,아이리스오야마 풀커버 투웨이 호스릴 10M,6,위시,"19,870원",무료,생활용품,2024-06-18 09:06,소리스리,2974
arca,https://arca.live/b/hotdeal/109119270?p=3,6,역대가 버즈2프로 앱에서만 가능,70,알리,"103,651원",무료,가전제품,2024-06-18 08:44,간프마시,7348
arca,https://arca.live/b/hotdeal/109118070?p=3,5,삼성 버즈 FE/버즈 라이브 학생용 할인,9,카카오톡,"54,280원",무료,가전제품,2024-06-18 08:26,ㅇㅇ,3506
arca,https://arca.live/b/hotdeal/109116752?p=3,1,천연 꿀스틱 단품 12g 10포 *2개 총 20포,19,카카오쇼핑,"13,900원",무료,먹거리,2024-06-18 08:07,행복뉴비,2932
arca,https://arca.live/b/hotdeal/109116344?p=3,17,한맥 불벅4팩+마시따3팩+더블백3팩,57,티몬,"9,930원",무료,먹거리,2024-06-18 08:02,루피의밀짚모자,5253
arca,https://arca.live/b/hotdeal/109111178?p=3,3,도드람 오리지널/치즈/깻잎/청양 단백소시지 10개,22,떠리몰,"9,500원",무료,먹거리,2024-06-18 06:51,ㅇㅇ,2978
arca,https://arca.live/b/hotdeal/109108693?p=3,4,비스포크 세탁기 상하 건조기포함 세트 WF2517HD 화이트,11,지마켓,"1,699,000원",무료,가전제품,2024-06-18 06:21,무엇이될상이오,2566
arca,https://arca.live/b/hotdeal/109107994?p=3,9,애플 아이패드 9세대 WI-FI버전 256GB (해외직구),87,지마켓,"399,900원",무료,가전제품,2024-06-18 06:12,디카운티,8039
arca,https://arca.live/b/hotdeal/109106156?p=3,9,필립스 55 OLED TV 앰비라이트 내장 토스페이,27,티몬,"772,990원",무료,가전제품,2024-06-18 05:45,바리사다,3737
arca,https://arca.live/b/hotdeal/109104875?p=3,2,마니커 리얼통살너겟 300g x 6팩,30,롯데온,"15,930원",무료,먹거리,2024-06-18 05:24,MK아웃,2687
arca,https://arca.live/b/hotdeal/109104057?p=3,4,스테비아 방울토마토 2KG 외 블랙/레드/청포도/완숙토망고,16,위메프,"11,660원",무료,먹거리,2024-06-18 05:10,KKK,1512
arca,https://arca.live/b/hotdeal/109103623?p=3,0,국내산 반건조 오징어 파품 1kg 내외 5~13미,6,롯데온,"16,530원",무료,먹거리,2024-06-18 05:02,ㅇㅇ,1355
arca,https://arca.live/b/hotdeal/109103380?p=3,9,8BitDo 레트로 기계식키보드 C64 에디션,38,펀샵,"99,000원",무료,PC제품,2024-06-18 04:58,삼먁삼보리,8203
arca,https://arca.live/b/hotdeal/109100181?p=3,11,"초록 매실 제로, 알로에 제로 500ml x 24, 12병",29,카카오,"20,070원",무료,먹거리,2024-06-18 04:11,에부이,3824
arca,https://arca.live/b/hotdeal/109099600?p=3,1,"모바일 악세사리 모음전 케이스, 케이블 등",1,티몬,"2,990원",무료,생활용품,2024-06-18 04:03,gjapd,2418
arca,https://arca.live/b/hotdeal/109098962?p=3,1,인블리스 핸드워시 폼형 500ml 1+1 손세정제,11,인팍쇼핑,"5,890원",무료,생활용품,2024-06-18 03:52,꾸미,1125
arca,https://arca.live/b/hotdeal/109097746?p=3,3,오버사이즈 틴트선글라스,20,네이버,"10,900원",무료,기타,2024-06-18 03:32,ㅇㅇ,3883
arca,https://arca.live/b/hotdeal/109097219?p=3,2,라이프허브 콤부차,26,떠리몰,"3,900원",무료,먹거리,2024-06-18 03:23,강철야스돌,1832
arca,https://arca.live/b/hotdeal/109094418?p=3,21,K-소세지 3종 (240g) 기한임박 냉동제품 (24년 7월20일~25년1월까지),205,라스트오더,"1,000원","3,000원",먹거리,2024-06-18 02:33,민즈,6415
arca,https://arca.live/b/hotdeal/109094381?p=3,2,퍼실 하이진젤 듀얼 세탁세제 2.7L용기 + 1.8L리필,5,위메프,"16,470원",무료,생활용품,2024-06-18 02:32,에부이,1212
arca,https://arca.live/b/hotdeal/109092978?p=3,3,LG그램 2024년형 프로360 16TD90SP-KX56K CPU SSD 무상업그레이드,19,롯데온,"1,699,000원",무료,PC제품,2024-06-18 02:07,해바라기닉,2763
arca,https://arca.live/b/hotdeal/109092817?p=3,3,테팔 티타늄 1X 심플리클린 프라이팬 20CM,8,위메프플러스,"14,350원",무료,생활용품,2024-06-18 02:04,ㅇㅇ,2147
arca,https://arca.live/b/hotdeal/109090633?p=3,4,진쿡 치즈돈까스 200g x 10팩 + 소스 5팩,20,위메프,"24,990원",무료,먹거리,2024-06-18 01:25,ㅇㅇ,2845
arca,https://arca.live/b/hotdeal/109090050?p=3,2,LG 그램 17ZD90SU-GX56K,11,롯데온,"1,399,000원",무료,PC제품,2024-06-18 01:15,노노하,2159
arca,https://arca.live/b/hotdeal/109089987?p=3,2,팔도비빔면 20개입,10,쿠팡,"13,860원",무료,먹거리,2024-06-18 01:14,ㅁㅁ,1792
arca,https://arca.live/b/hotdeal/109089680?p=3,9,믈레코비타 멸균우유 1L x 12팩,26,티몬,"14,958원",무료,먹거리,2024-06-18 01:08,에부이,2402
arca,https://arca.live/b/hotdeal/109089518?p=3,1,순수시그니처 27m 24롤 1팩+깨끗한 화장지 25m 30롤 1팩,3,깨끗한나라,"18,900원","2,500원",생활용품,2024-06-18 01:05,ㅇㅇ,1307
arca,https://arca.live/b/hotdeal/109089286?p=3,2,하이마블 소갈비살 200g x 4팩,9,G마켓,"19,870원",무료,먹거리,2024-06-18 01:01,ㅇㅇ,1730
arca,https://arca.live/b/hotdeal/109088345?p=3,14,마인크래프트 (모바일),31,구글 플레이 / 애플 앱스토어,"3,000원",무료,SW/게임,2024-06-18 00:40,유우카허벅지100kg,4911
arca,https://arca.live/b/hotdeal/109087532?p=3,10,10분어택 반건조오징어 750g,20,티몬,"7,200원",무료,먹거리,2024-06-18 00:21,ㅇㅇ,2283
arca,https://arca.live/b/hotdeal/109087303?p=3,2,anker 10000mah pd30w 지원 보조 배터리,12,알리,$29.8,무료,가전제품,2024-06-18 00:14,밀키,3439
arca,https://arca.live/b/hotdeal/109087124?p=3,4,인텔 N95 미니PC,67,알리익스프레,$53.97,무료,가전제품,2024-06-18 00:10,응애나아기,6188
arca,https://arca.live/b/hotdeal/109086738?p=3,1,코주부 대용량 오리지널 육포 600g,14,위메프,"26,500원",무료,먹거리,2024-06-17 23:59,ㅇㅇ,2280
arca,https://arca.live/b/hotdeal/109086526?p=3,4,"롯데제과 맛있는 곡물로 만든 씨리얼 초코, 42g, 12개",11,쿠팡,"8,340원",무료,먹거리,2024-06-17 23:54,ㅇㅇ,1806
arca,https://arca.live/b/hotdeal/109085992?p=3,1,"가루비 포테이토칩스 콘소메 펀치, 60g, 10개",15,쿠팡,"11,980원",무료,먹거리,2024-06-17 23:39,ㅇㅇ,1528
arca,https://arca.live/b/hotdeal/109085111?p=3,4,리셀샤워기 1개 샤워필터 3개,13,티몬,"3,510원",무료,생활용품,2024-06-17 23:13,ㅇㅇ,2245
arca,https://arca.live/b/hotdeal/109084433?p=3,3,Edifier 에디파이어 스피커 MR4,19,위메프,"59,000원",무료,PC제품,2024-06-17 22:51,사랑,2835
arca,https://arca.live/b/hotdeal/109083617?p=4,3,LG전자 32UP830 32인치 4K UHD IPS HDR 모니터,10,위메프,"413,320원",무료,PC제품,2024-06-17 22:14,짐승이,2509
arca,https://arca.live/b/hotdeal/109083462?p=4,6,라이젠 7 5700X3D,63,알리,$115,무료,PC제품,2024-06-17 22:05,loremipsum,4782
arca,https://arca.live/b/hotdeal/109083167?p=4,3,Back 4 Blood,49,스팀,"6,880원",무료,SW/게임,2024-06-17 21:47,아코아기방무단점거범,3351
arca,https://arca.live/b/hotdeal/109079668?p=4,12,WD BLUE HDD (8TB) 토스페이,80,알리익스프레스,"146,374원",무료,PC제품,2024-06-17 18:04,준항고,7806
arca,https://arca.live/b/hotdeal/109079560?p=4,33,GS25 홍대쭈밥 [편붕이 픽],58,GS25,"4,900원",무료,먹거리,2024-06-17 17:59,편붕이임,6181
arca,https://arca.live/b/hotdeal/109077562?p=4,2,크라운 참쌀선과 115g x 2개,17,쿠팡,"3,240원",무료,먹거리,2024-06-17 16:57,ㅇㅇ,2069
arca,https://arca.live/b/hotdeal/109075395?p=4,9,USB CtoC 3.1 10Gbps케이블(최대3m),30,알리익스프레스,$2.56,무료,가전제품,2024-06-17 16:11,판사님저는고양입니다,5816
arca,https://arca.live/b/hotdeal/109075202?p=4,0,베리밸류 신당 쭈꾸미 약간 매운맛 500g x 5,2,티몬,"29,750원",무료,먹거리,2024-06-17 16:08,로로이일로,1067
arca,https://arca.live/b/hotdeal/109075054?p=4,6,반석스포츠 풀업밴드 1단계 라텍스 / 8각 아령 3kg,22,네이버멤버십,710원,무료,기타,2024-06-17 16:06,ㅇㅇ,2546
arca,https://arca.live/b/hotdeal/109074647?p=4,4,무안 햇양파 5kg (중/대 혼합),11,위메프,"5,900원",무료,먹거리,2024-06-17 15:59,ㅇㅇ,1395
arca,https://arca.live/b/hotdeal/109073801?p=4,6,염통꼬치 10꼬치 x 3세트,29,위메프,"6,920원",무료,먹거리,2024-06-17 15:45,ㅇㅇ,3060
arca,https://arca.live/b/hotdeal/109073664?p=4,10,헤드앤숄더 샴푸 린스 850ml 3개 + 미니삼푸 3개,13,오늘의집,"17,978원",무료,화장품,2024-06-17 15:43,ㅇㅇ,2012
arca,https://arca.live/b/hotdeal/109073306?p=4,12,켈로그 다크초코 550g 2봉+콘푸로스트600g1봉+시리얼볼,28,티몬,"10,512원",무료,먹거리,2024-06-17 15:38,ㅇㅇ,3073
arca,https://arca.live/b/hotdeal/109073064?p=4,1,"24년 햇 국내산 수미,두백 감자 10kg 중",10,위메프,"11,990원",무료,먹거리,2024-06-17 15:34,ㅇㅇ,1008
arca,https://arca.live/b/hotdeal/109072103?p=4,2,팔도 비락식혜제로 238ml 24캔,12,티몬,"10,638원",무료,먹거리,2024-06-17 15:19,뚜비뚭바,1375
arca,https://arca.live/b/hotdeal/109072051?p=4,2,고당도 항공직송 미국산 생체리 1kg 9.5row 특대과 농카,14,지마켓,"17,940원",무료,먹거리,2024-06-17 15:18,ㅇㅇ,1794
arca,https://arca.live/b/hotdeal/109071777?p=4,1,경북 신비복숭아 4kg 소과 실중량,9,위메프,"14,580원",무료,먹거리,2024-06-17 15:14,ㅇㅇ,1185
arca,https://arca.live/b/hotdeal/109071193?p=4,2,발재반점 중화식 구운 주먹밥 게살맛 100g 2팩,9,위메프,"1,280원","3,000원",먹거리,2024-06-17 15:06,ㅇㅇ,2120
arca,https://arca.live/b/hotdeal/109065601?p=4,12,블랙타이거 치즈 새우구이 450g,35,알리익스프레스,"9,999원",무료,먹거리,2024-06-17 13:48,ㅇㅇ,7462
arca,https://arca.live/b/hotdeal/109064890?p=4,6,햇반 210g x 48개,18,티몬,"31,536원",무료,먹거리,2024-06-17 13:38,ㅇㅇ,2186
arca,https://arca.live/b/hotdeal/109062826?p=4,15,삼성 갤럭시북4 NT750XGR-A31A,47,11번가,"459,040원",무료,PC제품,2024-06-17 13:10,ㅇㅇ,7621
arca,https://arca.live/b/hotdeal/109062517?p=4,38,도쿄 -> 대만 3박4일 MSC 벨리시마 크루즈 11월 23일 출발,85,cruise.com,"314,459원","201,000원",기타,2024-06-17 13:06,ㅇㅇ,8071
arca,https://arca.live/b/hotdeal/109059920?p=4,16,투게더 5통 골라담기,71,티몬,"18,620원",무료,먹거리,2024-06-17 12:29,킬리안,6217
arca,https://arca.live/b/hotdeal/109058420?p=4,3,에브리빙 시어서커 이불 150x200,49,알리익스프레스,"12,050원",무료,생활용품,2024-06-17 12:08,뭼마,4065
arca,https://arca.live/b/hotdeal/109058142?p=4,1,굽네 오븐구이 통닭가슴살 2종 20팩,17,위메프,"29,900원",무료,먹거리,2024-06-17 12:04,ㅇㅇ,2340
arca,https://arca.live/b/hotdeal/109057901?p=4,16,도드람한돈 삼겹살 구이용 1kg,38,알리익스프레스,"9,999원",무료,먹거리,2024-06-17 12:01,ㅇㅇ,4995
arca,https://arca.live/b/hotdeal/109057823?p=4,9,저칼로리드레싱 오리엔탈 320g x 1개+그린애플발사믹 315g x 1개+키위 310g x 1개,15,알리 익스프레스,"8,677원",무료,먹거리,2024-06-17 12:00,아즈칼,1595
arca,https://arca.live/b/hotdeal/109057376?p=4,5,코카콜라 제로 체리 355ml x 24개 (유클),29,G마켓,"16,940원",무료,먹거리,2024-06-17 11:54,ㅇㅇ,2427
arca,https://arca.live/b/hotdeal/109056949?p=4,1,성주 참외 가정용 1.5kg (5-8과/로얄과),4,알리익스프레스,"5,000원",무료,먹거리,2024-06-17 11:49,ㅇㅇ,1034
arca,https://arca.live/b/hotdeal/109056405?p=4,14,비비고 사골곰탕 500g x 18개,26,알리익스프레스,"9,999원",무료,먹거리,2024-06-17 11:42,ㅇㅇ,2518
arca,https://arca.live/b/hotdeal/109055905?p=4,12,방울토마토 로얄과 2kg,15,알리익스프레스,"5,000원",무료,먹거리,2024-06-17 11:35,ㅇㅇ,1724
arca,https://arca.live/b/hotdeal/109055336?p=4,5,레노버 샤오신패드 프로 12.7 인치 (1789코인),16,알리익스프레스,$119.98,무료,가전제품,2024-06-17 11:27,ㅇㅇ,3137
arca,https://arca.live/b/hotdeal/109054911?p=4,3,미즈노 슈즈케이스,4,쿠팡,"7,320원",무료,생활용품,2024-06-17 11:22,ㅇㅇ,4267
arca,https://arca.live/b/hotdeal/109054887?p=4,3,Aula F99 기계식 키보드 (퍼플 컬러 / 그린축),14,알리,$24.51,무료,PC제품,2024-06-17 11:21,ㅇㅇ,4093
arca,https://arca.live/b/hotdeal/109054742?p=4,3,Hyperx cloud flight 무선 노캔 게이밍 헤드셋,14,알리익스프레스,"53,358원",무료,PC제품,2024-06-17 11:20,흥기,3790
arca,https://arca.live/b/hotdeal/109053983?p=4,1,AULA F99 경해축 (링크 수정),18,알리익스프레스,$25.06,무료,가전제품,2024-06-17 11:10,발가락보면흥분함,4094
arca,https://arca.live/b/hotdeal/109053434?p=4,0,매직캔 히포 21L + 리필 5개입,3,네이버,"56,800원",무료,생활용품,2024-06-17 11:03,ㅇㅇ,2088
arca,https://arca.live/b/hotdeal/109053148?p=4,5,샤오미 미지아 1X 7세대 선풍기 (603코인),14,알리익스프레스,$19.47,무료,가전제품,2024-06-17 10:59,ㅇㅇ,4638
arca,https://arca.live/b/hotdeal/109052577?p=4,5,AMD 라이젠 5 5600 멀티팩 국내정품,31,알리익스프레스,"101,068원",무료,PC제품,2024-06-17 10:52,ㅇㅇ,3336
arca,https://arca.live/b/hotdeal/109051453?p=4,11,비비고 왕교자 1.05kg x 4개,25,티몬,"22,968원",무료,먹거리,2024-06-17 10:38,ㅇㅇ,2991
arca,https://arca.live/b/hotdeal/109049656?p=4,6,AULA 독거미 F87 PRO 무선 기계식키보드 그레이축 (480코인),19,알리익스프레스,$17.15,무료,PC제품,2024-06-17 10:14,ㅇㅇ,5728
arca,https://arca.live/b/hotdeal/109046152?p=4,1,(특정카드) 유그린 qi2 3 in 1 충전기 25w (MFi 인증),23,알리익스프레스,"72,453원",무료,가전제품,2024-06-17 09:28,발가락보면흥분함,2778
arca,https://arca.live/b/hotdeal/109043149?p=4,1,스카트 더 보송 파워 비드형 습기제거제 16P + 사계절 습기제거제 옷장 쏙 15입,2,위메프,"14,900원",무료,생활용품,2024-06-17 08:48,ㅇㅇ,1506
arca,https://arca.live/b/hotdeal/109042179?p=4,1,홍대 미미네 오리지널 국물떡볶이 4봉,13,위메프,"14,470원",무료,먹거리,2024-06-17 08:34,팜유고래,1858
arca,https://arca.live/b/hotdeal/109041165?p=4,19,"스탠리 퀜처 H2.0 플로우스테이트 텀블러, 로즈쿼츠, 1.18L, 1개",91,쿠팡,"27,920원",무료,생활용품,2024-06-17 08:19,니케,6121
arca,https://arca.live/b/hotdeal/109040964?p=5,11,장순필 가마솥 육개장(육개탕) 600g*5봉 외 상품,23,카카오톡 쇼핑하기,"14,900원",무료,먹거리,2024-06-17 08:17,아카초보자,2467
arca,https://arca.live/b/hotdeal/109040683?p=5,5,참쥐포 중자 20장,10,네이버,"5,900원",무료,먹거리,2024-06-17 08:13,타일에놀,2199
arca,https://arca.live/b/hotdeal/109040657?p=5,1,하나푸드 생 닭가슴살 5kg (농협카드),9,위메프,"24,760원",무료,먹거리,2024-06-17 08:13,소리스리,1175
arca,https://arca.live/b/hotdeal/109040341?p=5,3,Yongse BlueMoon 이어폰 케이블,11,알리익스프레스,$12.99,무료,기타,2024-06-17 08:09,인간,1578
arca,https://arca.live/b/hotdeal/109039826?p=5,0,가그린 제로 820ml 2개 + 250ml 2개,10,티몬,"9,900원",무료,생활용품,2024-06-17 08:01,지도도,1186
arca,https://arca.live/b/hotdeal/109039520?p=5,1,250코인)여행용어댑터(돼지코)3개,11,알리익스프레스,625원,"1,300원",가전제품,2024-06-17 07:57,Aroer,2421
arca,https://arca.live/b/hotdeal/109037804?p=5,0,티피링크 Archer BE805 BE19000 10기가 와이파이 인터넷공유기,26,위메프,"518,200원",무료,가전제품,2024-06-17 07:32,도다나라,3429
arca,https://arca.live/b/hotdeal/109037471?p=5,6,"NH농협카드, 생성형 AI 구독료 50% 캐시백 이벤트",18,AI서비스,$20,무료,SW/게임,2024-06-17 07:28,노랑노랑,3090
arca,https://arca.live/b/hotdeal/109037317?p=5,1,라이젠 7500f + RTX 4070 Super CRR No.410,19,티몬,"1,554,444원",무료,PC제품,2024-06-17 07:26,지식in갓,4250
arca,https://arca.live/b/hotdeal/109035735?p=5,19,KT 6월 달달 이벤트,51,KT 멤버십,0원,무료,모바일/상품권,2024-06-17 07:02,Ehpa,6288
arca,https://arca.live/b/hotdeal/109035634?p=5,12,컬쳐랜드 1만원,10,신한올댓,"9,200원",무료,모바일/상품권,2024-06-17 07:00,ㅇㅇ,3175
arca,https://arca.live/b/hotdeal/109033629?p=5,13,신라명과 홈카페 5종 무료배송 이벤트,15,네이버,"2,900원",무료,먹거리,2024-06-17 06:28,ㅁㅁㅁㅇㅁ,3451
arca,https://arca.live/b/hotdeal/109033176?p=5,1,엘가토 스트림덱 플러스,29,알리 익스프레스,"209,639원",무료,가전제품,2024-06-17 06:20,핑구,4235
arca,https://arca.live/b/hotdeal/109032133?p=5,3,위닉스 21L 인버터 제습기 세이지그린,6,11번가,"445,000원",무료,가전제품,2024-06-17 06:03,ㅇㅇ,1936
arca,https://arca.live/b/hotdeal/109029955?p=5,1,엘가토 스트림덱 마크2,35,알리익스프레스,$99.58,무료,가전제품,2024-06-17 05:25,SUBSTANCEPAINTER,4191
arca,https://arca.live/b/hotdeal/109029625?p=5,4,울트라기어 32GQ950 32인치 Nano-IPS with ATW 4K UHD 160Hz(O/C) 1ms 게이밍 모니터,18,롯데온,"979,000원",무료,PC제품,2024-06-17 05:19,ㅇㅇ,2898
arca,https://arca.live/b/hotdeal/109029376?p=5,2,손질 오징어 1kg (10-14미),8,위메프,"11,990원",무료,먹거리,2024-06-17 05:14,ㅇㅇ,1297
arca,https://arca.live/b/hotdeal/109029212?p=5,2,"위메프 투데이 핫딜 모음 (밀카, 양파즙, 닭갈비, 누가크래커)",3,위메프,"7,370원",무료,먹거리,2024-06-17 05:11,벨벳,1428
arca,https://arca.live/b/hotdeal/109028783?p=5,0,코일 베란다 현관 발매트 대형,5,위메프,"8,190원",무료,생활용품,2024-06-17 05:03,ㅇㅇ,1589
arca,https://arca.live/b/hotdeal/109028494?p=5,0,바디랩 리얼아몬드 95.5 190ml 48팩,3,위메프,"18,430원",무료,먹거리,2024-06-17 04:58,항뉴다,961
arca,https://arca.live/b/hotdeal/109027600?p=5,4,Angelears X Musehifi 4.4mm BAL USB DAC AE301 Nexus,22,알리익스프레스,506원,무료,가전제품,2024-06-17 04:41,돼지헬린이,3952
arca,https://arca.live/b/hotdeal/109027374?p=5,5,국내산 쪽파 파김치 1kg 외 김치모음,6,위메프,"7,260원",무료,먹거리,2024-06-17 04:37,ㅇㅇ,1046
arca,https://arca.live/b/hotdeal/109026883?p=5,5,고래사 프리미엄 어묵세트 14종 외 모음,14,위메프,"22,990원",무료,먹거리,2024-06-17 04:27,ㅇㅇ,1402
arca,https://arca.live/b/hotdeal/109026234?p=5,3,"유니버스 클럽 전용) HD 현대 오일뱅크 주유쿠폰팩(일반3000,고급휘발유 5천)",2,지마켓,100원,무료,먹거리,2024-06-17 04:15,ㅇㅇ,1273
arca,https://arca.live/b/hotdeal/109025451?p=5,3,롯데알미늄 최대12L 공기정화 제습기 LDH-7000,22,위메프,"133,730원",무료,가전제품,2024-06-17 04:00,ㅇㅇ,2216
arca,https://arca.live/b/hotdeal/109023824?p=5,20,쿠거 FV270 화이트,53,롯데온,"210,680원","3,000원",PC제품,2024-06-17 03:34,지니영,6835
arca,https://arca.live/b/hotdeal/109022782?p=5,9,설악냉면 냉면세트 5인분,32,위메프,"6,300원",무료,먹거리,2024-06-17 03:16,ㅇㅇ,3942
arca,https://arca.live/b/hotdeal/109022748?p=5,8,유니버스클럽전용) 메가박스 일반 예매권,13,지마켓,"6,000원",무료,모바일/상품권,2024-06-17 03:16,ㅇㅇ,2132
arca,https://arca.live/b/hotdeal/109022563?p=5,4,"버즈2프로,버즈라이브,버즈FE 3종+신세계 상품권 1만",19,g마켓,"129,000원",무료,가전제품,2024-06-17 03:13,ㅇㅇ,2915
arca,https://arca.live/b/hotdeal/109022198?p=5,1,퐁퐁 친환경 주방세제 1.2L x 4개 (오렌지/코코넛),11,위메프플러스,"8,500원",무료,생활용품,2024-06-17 03:06,KKK,1260
arca,https://arca.live/b/hotdeal/109021286?p=5,1,완도 활전복 1kg 7-8미,9,위메프,"24,960원",무료,먹거리,2024-06-17 02:51,ㅇㅇ,739
arca,https://arca.live/b/hotdeal/109020953?p=5,4,스테비아 방울토마토 500g x 4팩,24,위메프,"10,970원",무료,먹거리,2024-06-17 02:45,ㅇㅇ,1401
arca,https://arca.live/b/hotdeal/109020228?p=5,1,무항생제 구운계란 대란 60구 + 핑크솔트,7,위메프,"12,580원",무료,먹거리,2024-06-17 02:32,ㅇㅇ,1180
arca,https://arca.live/b/hotdeal/109019658?p=5,6,슈퍼플라워 SF-1000F14XP LEADEX VII PRO PLATINUM 화이트 ATX3.1,68,알리,"205,564원",무료,PC제품,2024-06-17 02:22,지니영,4988
arca,https://arca.live/b/hotdeal/109019476?p=5,1,LIAN LI 리안리 유니 팬 P28 120 트리플 팩 화이트 (P28120-3W),2,11마존,"69,850원",무료,PC제품,2024-06-17 02:19,AI선물상자,2752
arca,https://arca.live/b/hotdeal/109019389?p=5,3,국내산 냉장 다진마늘 2kg,15,위메프,"8,900원",무료,먹거리,2024-06-17 02:17,ㅇㅇ,1253
arca,https://arca.live/b/hotdeal/109018689?p=5,9,호주산 양꼬치큐브 1kg + 쯔란,34,위메프,"12,970원",무료,먹거리,2024-06-17 02:05,ㅇㅇ,4000
arca,https://arca.live/b/hotdeal/109018069?p=5,1,한성 몬스터크랩 72g 15개,10,위메프,"11,650원",무료,먹거리,2024-06-17 01:53,ㅁㅁㅁㅇㅁ,1549
arca,https://arca.live/b/hotdeal/109017743?p=5,0,하리보 할로윈 스케리 펀 젤리 980g 2개,6,쿠팡,"14,550원",무료,먹거리,2024-06-17 01:47,ㅇㅇ,1520
arca,https://arca.live/b/hotdeal/109017568?p=5,6,동원 통그릴 비엔나 1kg 2개 300g 6봉 외 딤섬만두,17,티몬,"13,275원",무료,먹거리,2024-06-17 01:44,ㅇㅇ,1627
arca,https://arca.live/b/hotdeal/109016905?p=5,1,수박 5-7kg 당도선별,20,위메프,"10,870원",무료,먹거리,2024-06-17 01:31,벨렘,1414
arca,https://arca.live/b/hotdeal/109016420?p=5,4,"링크X/오전11시오픈)버거킹 선착순 쿠폰 12,000원",30,쿠팡이츠,"12,000원",무료,먹거리,2024-06-17 01:20,KoringNya,4575
arca,https://arca.live/b/hotdeal/109016112?p=5,0,해물오꼬노미야끼/햄가득부대찌개/매콤오징어볶음 등 밀키트 2인분,6,위메프,"5,960원","3,500원",먹거리,2024-06-17 01:14,ㅇㅇ,1316
arca,https://arca.live/b/hotdeal/109015841?p=5,3,델공홈) S2725DS IPS 100Hz 피벗 QHD 모니터+npay 1.5만,7,네이버,"319,000원",무료,가전제품,2024-06-17 01:07,ㅇㅇ,2348
arca,https://arca.live/b/hotdeal/109015820?p=5,3,닭다리살 순살 로스트 치킨 300gx3팩 총900g + 볶음밥200g,11,위메프,"12,000원",무료,먹거리,2024-06-17 01:06,MK아웃,1676
arca,https://arca.live/b/hotdeal/109015706?p=6,1,"낫소 슬리퍼,샌들,쪼리 1+1",5,옥션,"4,430원",무료,의류,2024-06-17 01:04,항뉴다,2078
arca,https://arca.live/b/hotdeal/109015528?p=6,1,경북 털복숭아 2kg,9,위메프,"12,330원",무료,먹거리,2024-06-17 01:00,ㅇㅇ,854
arca,https://arca.live/b/hotdeal/109015471?p=6,1,카멜마운트 고중량모니터암 PMA2X,14,컴퓨존,"79,000원",무료,PC제품,2024-06-17 00:58,역류성식도염,2867
arca,https://arca.live/b/hotdeal/109015388?p=6,0,"구디푸디 3M 강력접착 다용도 스테인레스 후크 J형, 8개",8,쿠팡,900원,무료,생활용품,2024-06-17 00:56,미모리,1425
arca,https://arca.live/b/hotdeal/109015373?p=6,8,미지아 정밀 드라이버,40,알리익스프레스,$3.06,무료,PC제품,2024-06-17 00:56,ㅇㅇ,4869
arca,https://arca.live/b/hotdeal/109015362?p=6,2,"연세우유 뼈를 생각한 고칼슘 두유 호두 & 아몬드, 180ml, 24개",3,쿠팡와우,"7,190원",무료,먹거리,2024-06-17 00:56,별님미리내,663
arca,https://arca.live/b/hotdeal/109014813?p=6,1,장충상회 장충동 순대2종외 여러가지 1+1 카카오,5,티몬,"8,712원",무료,먹거리,2024-06-17 00:42,ㅇㅇ,940
arca,https://arca.live/b/hotdeal/109014746?p=6,36,컴퓨터 튜닝용 스티커(씹덕),47,알리,"11,250원",무료,생활용품,2024-06-17 00:41,빵에는감동이있다,10135
arca,https://arca.live/b/hotdeal/109014111?p=6,0,성주 참외 5kg 가정용 혼합과,2,위메프,"9,900원",무료,먹거리,2024-06-17 00:22,ㅇㅇ,495
arca,https://arca.live/b/hotdeal/109013969?p=6,2,밀크바오밥 헤어 오일미스트 120ml,3,쿠팡,"3,450원",무료,화장품,2024-06-17 00:18,ㅇㅇ,1287
arca,https://arca.live/b/hotdeal/109013945?p=6,2,덴로쿠 스낵믹스 294g,5,쿠팡,"6,150원",무료,먹거리,2024-06-17 00:17,ㅇㅇ,1788
arca,https://arca.live/b/hotdeal/109013913?p=6,1,퍼실 라벤더젤 플러스 드럼용 리필 1.5L,3,쿠팡,"4,480원",무료,생활용품,2024-06-17 00:16,ㅇㅇ,1149
arca,https://arca.live/b/hotdeal/109013905?p=6,1,베트남 아카시아 골드망고 4kg,6,위메프,"21,970원",무료,먹거리,2024-06-17 00:16,ㅇㅇ,737
arca,https://arca.live/b/hotdeal/109013534?p=6,3,BBQ 자메이카 통다리 바베큐 170gx10팩,13,위메프,"23,650원",무료,먹거리,2024-06-17 00:05,ㅇㅇ,1419
arca,https://arca.live/b/hotdeal/109013514?p=6,5,마운틴듀 제로슈거 블루 355ml x 24캔,18,알리익스프레스,"9,999원",무료,먹거리,2024-06-17 00:04,ㅇㅇ,1755
arca,https://arca.live/b/hotdeal/109013411?p=6,2,밀크 클래식 쌀과자 240g x 5봉,17,위메프,"13,260원",무료,먹거리,2024-06-17 00:01,ㅇㅇ,1716
arca,https://arca.live/b/hotdeal/109013351?p=6,1,오리온 고래송이 미니믹스 과자세트,6,쿠팡,"6,910원",무료,먹거리,2024-06-17 00:00,ㅇㅇ,789
arca,https://arca.live/b/hotdeal/109013335?p=6,8,스파클 2L 30병 / 500ml 100병,12,티몬,"9,855원",무료,먹거리,2024-06-16 23:59,ㅇㅇ,1270
arca,https://arca.live/b/hotdeal/109013269?p=6,1,경북 노지자두 소과 2kg,2,위메프,"11,470원",무료,먹거리,2024-06-16 23:58,ㅇㅇ,475
arca,https://arca.live/b/hotdeal/109013149?p=6,3,펩시 제로 라임 제로카페인 355ml x 48캔 (국민/삼성),0,티몬,"28,780원",무료,먹거리,2024-06-16 23:53,ㅇㅇ,1257
arca,https://arca.live/b/hotdeal/109013133?p=6,1,웨스트우드 냉감티/반팔/반바지/긴바지,4,지마켓,"9,000원",무료,의류,2024-06-16 23:53,ㅇㅇ,1511
arca,https://arca.live/b/hotdeal/109012934?p=6,0,맥심 카누 마일드미니 100T+20T x 2개,2,알리익스프레스,"31,507원",무료,먹거리,2024-06-16 23:47,dugii,568
arca,https://arca.live/b/hotdeal/109012928?p=6,2,맥콜 제로 250ml x 30개,2,쿠팡,"11,960원",무료,먹거리,2024-06-16 23:46,ㅇㅇ,514
arca,https://arca.live/b/hotdeal/109009701?p=6,3,화이트콤부차 제로 245ml CAN 30입,17,티몬,"6,810원",무료,먹거리,2024-06-16 21:21,메이좋냐,1527
arca,https://arca.live/b/hotdeal/109009255?p=6,2,WINIX 위닉스 인버터 제습기 19L (DXJE193-LMK),29,알리익스프레스,"327,941원",무료,가전제품,2024-06-16 20:44,dugii,2844
arca,https://arca.live/b/hotdeal/109009035?p=6,17,필립스 에브니아 QHD 170 프리싱크 HDR 400 게이밍 무결점 27인치 FAST IPS 모니터,95,알리익스프레스,"234,166원",무료,가전제품,2024-06-16 20:26,키아나,7741
arca,https://arca.live/b/hotdeal/109009007?p=6,1,스마텍 360도회전 태블릿 마그네틱거치대(아이패드프로12.9인치),14,알리익스프레스,"16,199원",무료,생활용품,2024-06-16 20:23,dugii,2928
arca,https://arca.live/b/hotdeal/109008687?p=6,2,삼성 블루스카이 5500 공기청정기 AXO60CG500GBD 60m²,4,알리익스프레스,"188,462원",무료,가전제품,2024-06-16 19:58,dugii,2452
arca,https://arca.live/b/hotdeal/109008406?p=6,4,보르도 올스텐 에어프라이어25L,24,알리익스프레스,"74,936원",무료,가전제품,2024-06-16 19:37,dugii,2789
arca,https://arca.live/b/hotdeal/109008335?p=6,21,KZ X Angelears Libra 초광각 주파수 다이내믹 HiFi 인이어 이어폰,72,알리,130원,무료,가전제품,2024-06-16 19:33,냥코,7636
arca,https://arca.live/b/hotdeal/109008158?p=6,1,김포 고시히카리 쌀 20kg,10,알리익스프레스,"46,593원",무료,먹거리,2024-06-16 19:20,dugii,1342
arca,https://arca.live/b/hotdeal/109008048?p=6,4,엘가토 스트림덱 플러스 블랙 & 화이트 국내정품,35,알리익스프레스,"209,666원",무료,PC제품,2024-06-16 19:14,KaNi,3394
arca,https://arca.live/b/hotdeal/109008013?p=6,4,HP OMEN 27 Gaming IPS FHD 165Hz 27인치 게이밍 모니터,31,알리익스프레스,"166,504원",무료,가전제품,2024-06-16 19:12,키아나,3635
arca,https://arca.live/b/hotdeal/109007954?p=6,6,HP OMEN 27Q Gaming IPS QHD 165Hz 27인치 게이밍 모니터,25,알리익스프레스,"224,574원",무료,가전제품,2024-06-16 19:09,키아나,3572
arca,https://arca.live/b/hotdeal/109007783?p=6,5,오스트리아산 프리미엄 삼겹살 6kg,24,알리,"42,331원",무료,먹거리,2024-06-16 19:00,dugii,2194
arca,https://arca.live/b/hotdeal/109006808?p=6,32,갤럭시 버즈2 프로,69,알리익스프레스,"103,673원",무료,가전제품,2024-06-16 18:16,발가락보면흥분함,7798
arca,https://arca.live/b/hotdeal/109005991?p=6,1,맥널티 복숭아 아이스티 제로 1.5L 12개입 (3명 공구),16,알리익스프레스,"13,401원",무료,먹거리,2024-06-16 17:47,발가락보면흥분함,1964
arca,https://arca.live/b/hotdeal/109005578?p=6,6,PS5 플레이스테이션5 슬림 디스크 스탠다드 에디션,7,알리익스프레스,"509,804원",무료,가전제품,2024-06-16 17:34,ㅇㅇ,2491
arca,https://arca.live/b/hotdeal/109005479?p=6,18,갤럭시탭 S7 FE 64GB WIFI,38,알리익스프레스,"291,549원",무료,가전제품,2024-06-16 17:31,ㅇㅇ,5868
arca,https://arca.live/b/hotdeal/109005413?p=6,2,"마가렛트 오리지널, 660g, 3개",14,쿠팡,"17,810원",무료,먹거리,2024-06-16 17:30,KKK,1128
arca,https://arca.live/b/hotdeal/109003922?p=6,18,MANLI 지포스 RTX 4080 SUPER Polar Fox D6X 16GB White,51,티몬,"1,148,409원",무료,PC제품,2024-06-16 16:50,사랑,5567
arca,https://arca.live/b/hotdeal/109003749?p=6,6,햇반 210g 48입,8,티몬,"33,489원",무료,먹거리,2024-06-16 16:47,KKK,1222
arca,https://arca.live/b/hotdeal/109002970?p=6,2,"COLORFUL iGame 지포스 RTX 4070 Ti SUPER Vulcan, 용칸",11,티몬,"1,064,700원",무료,PC제품,2024-06-16 16:31,사랑,3672
arca,https://arca.live/b/hotdeal/109002761?p=6,16,삼성전자 오디세이 G5 S32AG520,80,알리익스프레스,"269,102원",무료,PC제품,2024-06-16 16:27,IFRT,5930
arca,https://arca.live/b/hotdeal/109002453?p=6,2,베트남 이지오픈 생 코코넛 9kg (9과),10,위메프,"16,900원",무료,먹거리,2024-06-16 16:21,KKK,1352
arca,https://arca.live/b/hotdeal/109002370?p=7,1,jbl flib 6 외,11,알리,"82,241원",무료,가전제품,2024-06-16 16:20,CrouchingWriter,2524
arca,https://arca.live/b/hotdeal/109001518?p=7,5,7Hz X Crinacle Zero 2,45,알리익스프레스,$14.4,무료,가전제품,2024-06-16 16:06,히스아,3448
arca,https://arca.live/b/hotdeal/109000800?p=7,9,콰트로치즈와퍼세트,14,버거킹,"6,900원",무료,먹거리,2024-06-16 15:55,포인트_게임만_함,3668
arca,https://arca.live/b/hotdeal/109000291?p=7,6,비비고사골곰탕 500g 18개,19,알리,"9,999원",무료,먹거리,2024-06-16 15:48,ㅇㅇ,1250
arca,https://arca.live/b/hotdeal/108999472?p=7,2,활성탄 에어컨필터 PM2.5 3개 외,2,위메프,"10,630원",무료,기타,2024-06-16 15:35,ㅇㅇ,1741
arca,https://arca.live/b/hotdeal/108999081?p=7,4,[네이버페이] 7800X3D (멀티팩(정품)),26,알리,"420,824원",무료,PC제품,2024-06-16 15:30,유키민,4206
arca,https://arca.live/b/hotdeal/108998965?p=7,2,"KingBank PC 데스크탑 CL32 용 RGB 램 메모리, DDR5 48GB x 2 6400MHZ 96GB",15,알리익스프레스,$257.68,무료,PC제품,2024-06-16 15:29,미오프리체,3022
arca,https://arca.live/b/hotdeal/108998815?p=7,10,GIGABYTE 지포스 RTX 4070 SUPER Gaming OC D6X 12GB 제이씨현,53,알리익스프레스,"768,112원",무료,PC제품,2024-06-16 15:27,키아나,5243
arca,https://arca.live/b/hotdeal/108998575?p=7,3,나주 세지농협 멜론 5.2KG 왕대과,12,위메프,"17,900원",무료,먹거리,2024-06-16 15:24,ㅇㅇ,960
arca,https://arca.live/b/hotdeal/108998569?p=7,4,티젠 자몽 아이스티 50스틱,10,알리익스프레스,"11,685원",무료,먹거리,2024-06-16 15:23,챠배,1004
arca,https://arca.live/b/hotdeal/108998530?p=7,11,플레이보이 남녀 드로즈 10매 세트 삼카,12,롯데온,"22,250원",무료,의류,2024-06-16 15:23,ㅇㅇ,2462
arca,https://arca.live/b/hotdeal/108998432?p=7,3,심플쿡 냉동밥 전자렌지 용기 (400ml) 16개,7,위메프,"4,790원",무료,생활용품,2024-06-16 15:22,ㅇㅇ,1614
arca,https://arca.live/b/hotdeal/108998278?p=7,1,비타민C 골드 프리미엄 70포,3,위메프,"8,890원",무료,먹거리,2024-06-16 15:20,ㅇㅇ,515
arca,https://arca.live/b/hotdeal/108997657?p=7,4,"{ASROCK 공식판매점} B650M PRO RS *국내정품,국내발송*",30,알리,"138,282원",무료,PC제품,2024-06-16 15:12,유키민,3009
arca,https://arca.live/b/hotdeal/108995406?p=7,1,여름용 무지 발목양말 20켤레,8,인터파크쇼핑,"9,440원",무료,의류,2024-06-16 14:50,디카운티,1910
arca,https://arca.live/b/hotdeal/108994818?p=7,1,국민 마스터 카드 USD 결제시 액티비티 상품 15% 할인,6,클룩,0원,무료,기타,2024-06-16 14:43,라그랑주,1439
arca,https://arca.live/b/hotdeal/108993130?p=7,33,알리익스프레스 2024여름세일정보,41,알리익스프레스,0원,무료,기타,2024-06-16 14:21,ㅇㅇ,9515
arca,https://arca.live/b/hotdeal/108987702?p=7,9,켈로그 후르트링 530g 3개,20,11번가,"12,900원",무료,먹거리,2024-06-16 13:13,르큐브릿,2716
arca,https://arca.live/b/hotdeal/108985620?p=7,5,안성탕면 + 너구리 20봉 / 신안너짜 가챠팩,19,지마켓,"11,950원",무료,먹거리,2024-06-16 12:47,킬리안,2314
arca,https://arca.live/b/hotdeal/108981531?p=7,3,벨런스온 베타젤 방석,45,쿠팡,"68,240원",무료,생활용품,2024-06-16 11:57,머그컵,5398
arca,https://arca.live/b/hotdeal/108977064?p=7,12,푸마 바디웨어 남성 퍼포먼스 멀티 이너 반팔티셔츠,52,폰드그룹,"3,950원","3,000원",의류,2024-06-16 11:00,ㅇㅇ,5913
arca,https://arca.live/b/hotdeal/108976436?p=7,3,굽네 소스함박스테이크 18팩,16,위메프,"26,980원",무료,먹거리,2024-06-16 10:52,ㅇㅇ,3075
arca,https://arca.live/b/hotdeal/108961781?p=7,59,6/20 20시 예정) 구글 플레이 x 넥슨 기프트카드 10%+a,53,네이버,"100,000원",무료,모바일/상품권,2024-06-16 07:24,ㅇㅇ,14978
arca,https://arca.live/b/hotdeal/108961636?p=7,4,P01브루클린 피그먼트 반팔티 1+1(2벌),14,하이버,"33,830원",무료,의류,2024-06-16 07:22,ㅇㅇ,4087
arca,https://arca.live/b/hotdeal/108953171?p=7,10,코카콜라 텀블러 + 코카콜라 제로 355ml 24개 증정,53,롯데온,"16,850원",무료,먹거리,2024-06-16 05:07,킬리안,8086
arca,https://arca.live/b/hotdeal/108952603?p=7,13,대추방울토마토 1~2번 로얄과 5kg,14,네이버,"18,800원",무료,먹거리,2024-06-16 04:57,와투와튜,2119
arca,https://arca.live/b/hotdeal/108951126?p=7,11,"카카오, 토스 12,901원 / 첫출하 파격가 햇 털복숭아4kg 외 신비/천도 종류별 골라담기",38,티몬,"13,580원",무료,먹거리,2024-06-16 04:30,바트심슨,5174
arca,https://arca.live/b/hotdeal/108946200?p=7,10,"블루다이아몬드 아몬드 브리즈 뉴트리플러스 프로틴, 190ml, 24개",32,쿠팡와우,"12,980원",무료,먹거리,2024-06-16 02:59,별님미리내,4422
arca,https://arca.live/b/hotdeal/108945213?p=7,15,리틀 나이트메어 1 & 2 (스팀 최저가),17,스팀,"16,800원",무료,SW/게임,2024-06-16 02:41,세상아덤벼라,3785
arca,https://arca.live/b/hotdeal/108944962?p=7,13,[티몬역대 갱신] 레이저 바라쿠다 x 게이밍 무선 헤드셋 Barracuda x plus 2.4G+블루투스,38,티몬,"72,276원",무료,가전제품,2024-06-16 02:37,미지인,9094
arca,https://arca.live/b/hotdeal/108943116?p=7,2,에이치덱스 스웨트 85 숏 슬리브,7,29CM,"20,007원","3,500원",의류,2024-06-16 01:58,ㅇㅇ,4461
arca,https://arca.live/b/hotdeal/108942556?p=7,4,"팔도 도시락 컵라면 86g, 12개",39,쿠팡,"7,140원",무료,먹거리,2024-06-16 01:46,ㅇㅇ,3504
arca,https://arca.live/b/hotdeal/108941453?p=7,9,서울우유 멸균우유 1L x 10팩 (1박스),40,위메프,"14,900원",무료,먹거리,2024-06-16 01:20,ㅇㅇ,3229
arca,https://arca.live/b/hotdeal/108941269?p=7,2,스마트에코 안단테 물티슈 62gsm 72매 x 20팩 + 휴대용 12팩,2,티몬,"17,960원",무료,생활용품,2024-06-16 01:16,ㅇㅇ,1428
arca,https://arca.live/b/hotdeal/108939137?p=7,12,(와우할인가) 초록매실 제로 500ml 24개,41,쿠팡,"19,890원",무료,먹거리,2024-06-16 00:16,미모리,3898
arca,https://arca.live/b/hotdeal/108928789?p=7,5,S&W 필리핀 파인애플 슬라이스 836g,53,쿠팡,"2,330원",무료,먹거리,2024-06-15 17:09,IFRT,5442
arca,https://arca.live/b/hotdeal/108928042?p=7,27,유럽 샐러드용 채소 야채 1kg,45,네이버,"5,820원",무료,먹거리,2024-06-15 16:54,ㅇㅇ,6091
arca,https://arca.live/b/hotdeal/108925262?p=7,4,뼈없는 돼지양념구이 300g x 4팩,18,카카오톡,"14,400원",무료,먹거리,2024-06-15 16:08,ㅇㅇ,3177
arca,https://arca.live/b/hotdeal/108923003?p=7,4,이마트 트레이더스 5만원권 최대 9%할인,8,티몬,"46,550원",무료,모바일/상품권,2024-06-15 15:31,ㅇㅇ,2818
arca,https://arca.live/b/hotdeal/108922740?p=7,27,우리동네gs앱 한정) 쏜살치킨 매주 금토일 행사 6.14 - 6.30,125,우리동네gs,"8,900원",무료,먹거리,2024-06-15 15:27,매옹이,8539
arca,https://arca.live/b/hotdeal/108922313?p=7,4,액츠 클린젤 겸용세제 3.1L 2+1 9.3L+계량컵,2,지마켓,"13,940원",무료,생활용품,2024-06-15 15:21,ㅇㅇ,2192
arca,https://arca.live/b/hotdeal/108921463?p=7,9,한돈 냉동 오겹살 600g,25,위메프,"8,500원",무료,먹거리,2024-06-15 15:08,ㅇㅇ,3288
arca,https://arca.live/b/hotdeal/108913059?p=7,19,"육덕을 위한 식품 모음전 (O약건빵, 불고기맛 후랑크, 민물장어)",63,네이버쇼핑,"12,200원",무료,먹거리,2024-06-15 13:19,벨벳,10227
arca,https://arca.live/b/hotdeal/108904695?p=7,5,국내산 냉장 닭가슴살 1kg 외 농협카드,16,위메프,"4,950원","2,300원",먹거리,2024-06-15 11:32,ㅇㅇ,3570
arca,https://arca.live/b/hotdeal/108903558?p=7,18,바세린 썬크림 SPF50+ PA++++ 데일리 자외선차단 2개,46,지마켓,"9,900원",무료,화장품,2024-06-15 11:16,ㅇㅇ,6164
arca,https://arca.live/b/hotdeal/108903363?p=8,1,장순필 핫도그 15+15개 30개입,28,카카오,"19,900원",무료,먹거리,2024-06-15 11:14,ㅇㅇ,3751
arca,https://arca.live/b/hotdeal/108898431?p=8,51,역전재판 123 나루호도 셀렉션 (스팀 최저가),55,스팀,"11,480원",무료,SW/게임,2024-06-15 10:07,세상아덤벼라,5834
arca,https://arca.live/b/hotdeal/108895990?p=8,3,크리넥스 데코앤소프트 28m24롤 2팩,3,위메프,"27,900원",무료,생활용품,2024-06-15 09:34,ㅇㅇ,2079
arca,https://arca.live/b/hotdeal/108894632?p=8,16,(타겟쿠폰) 쿠팡이츠 7천원 할인쿠폰,65,쿠팡이츠,0원,무료,모바일/상품권,2024-06-15 09:14,매옹이,10823
arca,https://arca.live/b/hotdeal/108894582?p=8,18,Donner HUSH-I 어쿠스틱 헤드리스 사일런트 기타 (Openbox),64,Ebay,$106.39,무료,기타,2024-06-15 09:14,헤놀로지,5549
arca,https://arca.live/b/hotdeal/108893674?p=8,16,"[임박] 불닭볶음면 소컵, 신라면 소컵, 스위트버터쿠키, 미니크래커",57,네이버쇼핑,200원,"3,000원",먹거리,2024-06-15 08:59,아즈칼,5522
arca,https://arca.live/b/hotdeal/108890259?p=8,5,"7875원+무배, 돌아온 2팩구성, 홍대쭈꾸미 300g 1+1 & 치즈/우동사리 증정",6,티몬,"8,560원",무료,먹거리,2024-06-15 08:09,바트심슨,3120
arca,https://arca.live/b/hotdeal/108886716?p=8,12,픽셀 포커 디펜스,26,Play 스토어,100원,무료,SW/게임,2024-06-15 07:12,dfasdfsdf2412,10309
arca,https://arca.live/b/hotdeal/108885638?p=8,32,이번 알리 여름 세일 이어폰 모음,111,알리,0원,무료,가전제품,2024-06-15 06:55,lililllili,13016
arca,https://arca.live/b/hotdeal/108881552?p=8,15,고스트러너 2,20,스팀,"12,600원",무료,SW/게임,2024-06-15 05:49,아코아기방무단점거범,4227
arca,https://arca.live/b/hotdeal/108881423?p=8,39,삼성 갤럭시 버즈 FE,82,학생복지스토어,"43,600원",무료,가전제품,2024-06-15 05:47,IFRT,12294
arca,https://arca.live/b/hotdeal/108872319?p=8,15,밀라 마스카포네치즈 500g,59,네이버 쇼핑몰,"2,500원","3,000원",먹거리,2024-06-15 03:10,매옹이,5773
arca,https://arca.live/b/hotdeal/108870435?p=8,5,보랄 더 셰프 에어프라이어 오븐 16L,48,알리익스프레스,"43,243원",무료,가전제품,2024-06-15 02:33,asdgasdhuiqe1231,5619
arca,https://arca.live/b/hotdeal/108870193?p=8,32,바이오하자드 RE:2 (스팀 최저가),54,스팀,"11,400원",무료,SW/게임,2024-06-15 02:27,세상아덤벼라,4628
arca,https://arca.live/b/hotdeal/108870191?p=8,2,오사쯔 100g 2개,29,쿠팡,"3,260원",무료,먹거리,2024-06-15 02:27,ㅇㅇ,3276
arca,https://arca.live/b/hotdeal/108869386?p=8,9,생망고 아이스망고바 60g x 40팩,35,위메프,"22,770원",무료,먹거리,2024-06-15 02:10,ㅇㅇ,3736
arca,https://arca.live/b/hotdeal/108868385?p=8,17,데드 스페이스 리메이크,41,스팀,"19,800원",무료,SW/게임,2024-06-15 01:49,섹스머신,4517
arca,https://arca.live/b/hotdeal/108867339?p=8,2,필립스 무선이어폰 TAT1209 커널형 블루투스5.3,9,쿠팡와우,"26,010원",무료,가전제품,2024-06-15 01:27,르큐브릿,4663
arca,https://arca.live/b/hotdeal/108866827?p=8,14,베이스어스 마그네틱 프로 데스크매트+충전독+팜레스트,16,쿠팡,"36,800원",무료,가전제품,2024-06-15 01:15,ㅇㅇ,8525
arca,https://arca.live/b/hotdeal/108866703?p=8,6,"곡물그대로21 크리스피롤 선물세트, 900g, 1개",13,쿠팡와우,"9,830원",무료,먹거리,2024-06-15 01:12,별님미리내,2112
arca,https://arca.live/b/hotdeal/108866673?p=8,3,네이버멤버십) 82고평량 시그니앙 골드크림 물티슈 70매 20팩,5,네이버,"20,150원",무료,생활용품,2024-06-15 01:11,ㅇㅇ,2182
arca,https://arca.live/b/hotdeal/108863713?p=8,10,초코붕어빵500g+고구마붕어빵500g,37,티몬,"8,900원",무료,먹거리,2024-06-14 23:45,뜌땨땨,4319
arca,https://arca.live/b/hotdeal/108857283?p=8,18,도시바 NAS용 HDD 14TB 중,78,위메프,"157,250원",무료,가전제품,2024-06-14 18:15,응애나아기,10052
arca,https://arca.live/b/hotdeal/108854443?p=8,13,성주 참외 실중량 10kg,20,G마켓,"14,370원",무료,먹거리,2024-06-14 16:57,exit,2920
arca,https://arca.live/b/hotdeal/108852376?p=8,12,엘지 32GP85 QHD 게이밍모니터 농 국 신,46,11번가,"474,750원",무료,PC제품,2024-06-14 16:15,KKK,7327
arca,https://arca.live/b/hotdeal/108850954?p=8,12,팔도 비락 식혜 제로 238mlx24캔,42,위메프,"9,960원",무료,먹거리,2024-06-14 15:49,ㅇㅇ,3612
arca,https://arca.live/b/hotdeal/108849953?p=8,3,지오다노 폴로 반팔 티셔츠,24,롯데온,"11,930원",무료,의류,2024-06-14 15:33,파타고니,5222
arca,https://arca.live/b/hotdeal/108848401?p=8,4,경북 부사 사과 2KG,31,11번가,"22,840원",무료,먹거리,2024-06-14 15:09,먹이특,1829
arca,https://arca.live/b/hotdeal/108844196?p=8,10,"해태제과 맛동산, 90g, 8개",19,쿠팡,"7,190원",무료,먹거리,2024-06-14 14:13,ㅇㅇ,3302
arca,https://arca.live/b/hotdeal/108841444?p=8,14,쿠크다스 순크림 케이크 154gx5개,40,쿠팡,"11,600원",무료,먹거리,2024-06-14 13:36,ㅇㅇ,6237
arca,https://arca.live/b/hotdeal/108840161?p=8,7,장순필 가마솥 특육개장 5봉 외,21,롯데온,"15,410원",무료,먹거리,2024-06-14 13:20,ㅇㅇ,3309
arca,https://arca.live/b/hotdeal/108834369?p=8,5,주꾸미 볶음 300g 2팩,8,네이버,"11,400원",무료,먹거리,2024-06-14 12:09,ㅇㅇ,2821
arca,https://arca.live/b/hotdeal/108833339?p=8,7,펩시 제로슈거 라임 500ml x 20펫,12,옥션,"15,930원",무료,먹거리,2024-06-14 11:56,파타고니,3928
arca,https://arca.live/b/hotdeal/108831871?p=8,16,이날 아무때나 무료배송 쿠폰 받아두기(지점 확인),18,Ssg,0원,무료,모바일/상품권,2024-06-14 11:37,ㅇㅇ,8260
arca,https://arca.live/b/hotdeal/108828829?p=8,6,바랩 제모크림 대용량 300ml 1개,35,알리,"6,396원",무료,생활용품,2024-06-14 10:56,ㅇㅇ,4765
arca,https://arca.live/b/hotdeal/108827589?p=8,3,티몬 도서문화상품권 선주문 도서문화상품권 5만원권 (8%할인/7월3일배송),34,티몬,"46,000원",무료,모바일/상품권,2024-06-14 10:40,KoringNya,4012
arca,https://arca.live/b/hotdeal/108820983?p=8,12,신일 창문형 에어컨 SMA-C7700HS,139,떠리몰,"299,000원",무료,가전제품,2024-06-14 09:13,ㅇㅇ,11782
arca,https://arca.live/b/hotdeal/108819726?p=8,5,바나나리퍼블릭 혼성 데일리 테리쇼츠 4종 세트,16,폰드그룹,"16,900원",무료,의류,2024-06-14 08:57,ㅇㅇ,3608
arca,https://arca.live/b/hotdeal/108817153?p=8,16,잔망루피 로제 떡볶이/인절미 스낵 80g x 24봉 외 골라담기 (무료배송),26,알토란마켓,"7,900원",무료,먹거리,2024-06-14 08:23,아졸려쿨쿨,4561
arca,https://arca.live/b/hotdeal/108815735?p=8,4,필립스 SkinIQ 9000 면도기 S9980/54,26,G마켓,"289,850원",무료,가전제품,2024-06-14 08:04,노노하,3888
arca,https://arca.live/b/hotdeal/108806768?p=8,6,Q1W 메쉬의자 컴퓨터의자 책상의자 사무용의자,48,위메프,"115,260원",무료,기타,2024-06-14 06:01,르큐브릿,9265
arca,https://arca.live/b/hotdeal/108805307?p=8,10,"와우전용)LG 32GP83B QHD 게이밍 모니터 (국,삼,롯데카드만)",31,쿠팡,"433,000원",무료,PC제품,2024-06-14 05:42,ㅇㅇ,7128
arca,https://arca.live/b/hotdeal/108805088?p=8,6,농심 육사김사세트 24개,13,네이버,"13,300원",무료,먹거리,2024-06-14 05:39,뚜비뚭바,3291
arca,https://arca.live/b/hotdeal/108805008?p=8,6,제주 삼다수 그린 500ml 40입 유/무라벨 랜덤,9,오늘의집,"15,654원",무료,먹거리,2024-06-14 05:37,ㅇㅇ,1568
arca,https://arca.live/b/hotdeal/108803870?p=8,9,"LG전자 FHD 울트라기어 게이밍모니터 24GN60R 삼성,국민카드",34,쿠팡,"126,720원",무료,PC제품,2024-06-14 05:23,ㅇㅇ,6633
arca,https://arca.live/b/hotdeal/108803367?p=9,10,듀오백 Q7 에어로 Q7-05HLDA-M Airo 풀메쉬의자 외,47,위메프,"185,670원",무료,기타,2024-06-14 05:16,ㅇㅇ,4761
arca,https://arca.live/b/hotdeal/108803120?p=9,3,올반 태양초 주꾸미 볶음 300g 6팩,0,위메프,"24,300원",무료,먹거리,2024-06-14 05:13,ㅇㅇ,1057
arca,https://arca.live/b/hotdeal/108802329?p=9,11,RYZEN5 7500F_RTX4060TI 8GB 컴퓨터 조립PC,44,G마켓,"1,078,770원",무료,PC제품,2024-06-14 05:03,언제어디서나,8951
arca,https://arca.live/b/hotdeal/108800126?p=9,11,"농심 배홍동 비빔면 137g, 8개",26,쿠팡,"4,680원",무료,먹거리,2024-06-14 04:32,ㅇㅇ,3398
arca,https://arca.live/b/hotdeal/108799789?p=9,9,천도 신선복숭아 1.5kg (19과내외) 농카,15,위메프,"8,900원",무료,먹거리,2024-06-14 04:28,ㅇㅇ,2147
arca,https://arca.live/b/hotdeal/108799024?p=9,52,상남자 필수 캐치파산핑 시즌4 영양젤리 1+1,69,인팍쇼핑,"18,940원",무료,먹거리,2024-06-14 04:18,꾸미,7806
arca,https://arca.live/b/hotdeal/108798121?p=9,3,초이스등급 냉동 부채살 200g x 3팩,9,위메프,"14,990원",무료,먹거리,2024-06-14 04:04,ㅇㅇ,1543
arca,https://arca.live/b/hotdeal/108797925?p=9,6,한우갈비찜 500그람x3팩,3,글라이드,"23,900원","3,500원",먹거리,2024-06-14 04:01,무엇이될상이오,1719
arca,https://arca.live/b/hotdeal/108797671?p=9,5,상하목장 무항생제우유 125ml 24개,6,쿠팡,"13,900원",무료,먹거리,2024-06-14 03:58,빈,1775
arca,https://arca.live/b/hotdeal/108797158?p=9,3,아이팝 먹는샘물 2L*24펫,3,인팍쇼핑,"9,030원",무료,먹거리,2024-06-14 03:50,꾸미,1410
arca,https://arca.live/b/hotdeal/108793875?p=9,6,네이버 이마트점 쿠폰 최대 20%(최대 1민원),23,네이버 이마트점,0원,무료,모바일/상품권,2024-06-14 03:00,매옹이,3793
arca,https://arca.live/b/hotdeal/108791873?p=9,4,"일화 부르르 제로사이다, 250ml, 30개",16,쿠팡,"9,650원",무료,먹거리,2024-06-14 02:27,메트릭,2159
arca,https://arca.live/b/hotdeal/108790686?p=9,2,액츠 퍼펙트 고농축 캡슐세제 딥클린 84개,8,위메프플러스,"15,210원",무료,생활용품,2024-06-14 02:06,ㅇㅇ,2276
arca,https://arca.live/b/hotdeal/108789409?p=9,3,완도활전복 10-11미 1KG 산소포장,11,ak몰,"22,960원",무료,먹거리,2024-06-14 01:43,ㅇㅇ,1582
arca,https://arca.live/b/hotdeal/108787509?p=9,3,스마트에코 80매 x 20팩 물티슈 (네이버멤버십),10,네이버,"12,620원",무료,생활용품,2024-06-14 01:03,ㅇㅇ,2014
arca,https://arca.live/b/hotdeal/108784881?p=9,28,KT 콘텐츠페이 최대 50% 결제일 할인,149,KT,"150,000원",무료,모바일/상품권,2024-06-13 23:57,ㅇㅇ,11610
arca,https://arca.live/b/hotdeal/108783679?p=9,4,성주참외 깜짝 특가 3시간 타임 세일 11kg 알뜰형 랜덤과(실중량 10kg내외),10,G마켓,"17,910원",무료,먹거리,2024-06-13 23:23,히나,1891
arca,https://arca.live/b/hotdeal/108775475?p=9,24,인피니티런4 엑스트라와이드(4e) 검흰,180,롯데온(롯데백화점),"115,960원",무료,생활용품,2024-06-13 16:57,매옹이,12307
arca,https://arca.live/b/hotdeal/108774469?p=9,76,임신 준비하는 여성 멀티비타민 10정,90,카카오 쇼핑,100원,무료,먹거리,2024-06-13 16:37,Ehpa,14320
arca,https://arca.live/b/hotdeal/108773062?p=9,2,메밀국수 or 비빔국수 370g x 8팩,13,네이버,"15,900원",무료,먹거리,2024-06-13 16:12,ㅇㅇ,3347
arca,https://arca.live/b/hotdeal/108771288?p=9,20,[무료배포게임] Redout 2 (~6/21),10,에픽게임즈,0원,무료,SW/게임,2024-06-13 15:45,ZZZ,9332
arca,https://arca.live/b/hotdeal/108769912?p=9,9,"크라운 카라멜콘과땅콩 과자, 72g, 4개",36,쿠팡,"3,160원",무료,먹거리,2024-06-13 15:26,ㅇㅇ,3062
arca,https://arca.live/b/hotdeal/108768773?p=9,1,깨비농원 제주 초당 옥수수 10개입 (특품/15cm이상) 농카,12,위메프,"16,900원",무료,먹거리,2024-06-13 15:12,ㅇㅇ,1771
arca,https://arca.live/b/hotdeal/108768086?p=9,19,S급 중고도서 100종 골라담기,40,11번가,"3,900원",무료,기타,2024-06-13 15:03,ㅇㅇ,6848
arca,https://arca.live/b/hotdeal/108765242?p=9,4,바나나리퍼블릭 린넨 반바지 4장 세트,14,폰드그룹,"17,000원",무료,의류,2024-06-13 14:29,ㅇㅇ,5560
arca,https://arca.live/b/hotdeal/108764905?p=9,11,아사히 에비오스 맥주효모 2000정 1+1,62,인터파크,"33,200원",무료,먹거리,2024-06-13 14:25,ㅇㅇ,6530
arca,https://arca.live/b/hotdeal/108764332?p=9,2,나랑드사이다 제로 345ml × 24캔,12,알리익스프레스,"10,549원",무료,먹거리,2024-06-13 14:18,양모씨,2120
arca,https://arca.live/b/hotdeal/108763179?p=9,23,프로스트펑크 (스팀 최저가),50,스팀,"9,600원",무료,SW/게임,2024-06-13 14:04,세상아덤벼라,4882
arca,https://arca.live/b/hotdeal/108762699?p=9,9,맥스봉 치즈 525g x 5개,12,알리익스프레스,"18,995원",무료,먹거리,2024-06-13 13:58,ㅇㅇ,2959
arca,https://arca.live/b/hotdeal/108762418?p=9,3,호떡쌀 군만두 960g (16개입내외),22,알리익스프레스,"5,984원",무료,먹거리,2024-06-13 13:55,ㅇㅇ,2894
arca,https://arca.live/b/hotdeal/108761966?p=9,3,맛동산 90g x 4개,12,쿠팡,"4,450원",무료,먹거리,2024-06-13 13:49,ㅇㅇ,1768
arca,https://arca.live/b/hotdeal/108760922?p=9,8,(임박)잇찹 통 등심/치즈돈까스 160g*10봉 x 1박스 + 증정소스300g,66,알토란마켓,"12,900원",무료,먹거리,2024-06-13 13:37,Ehpa,4587
arca,https://arca.live/b/hotdeal/108758933?p=9,10,(임박) 크리스피코트 웨지 감자 4.52kg,114,알토란마켓,"11,800원",무료,먹거리,2024-06-13 13:13,Ehpa,7095
arca,https://arca.live/b/hotdeal/108758804?p=9,3,우고래빗 고구마 말랭이 스틱 10개 1+1,6,우고래빗,"9,900원","3,000원",먹거리,2024-06-13 13:12,gjapd,1671
arca,https://arca.live/b/hotdeal/108756352?p=9,3,"오리온 초코파이, 468g, 3개",15,쿠팡,"9,900원",무료,먹거리,2024-06-13 12:43,ㅇㅇ,2200
arca,https://arca.live/b/hotdeal/108749966?p=9,5,밀라 마스카포네치즈 500g 크림치즈,45,네이버 쇼핑몰,"3,300원","3,000원",먹거리,2024-06-13 11:30,매옹이,4059
arca,https://arca.live/b/hotdeal/108747789?p=9,4,삼성 비스포크 그랑데 AI 드럼 세탁기 건조기 세트 24kg+20kg 1등급 블랙캐비어,23,네이버,"1,795,400원",무료,가전제품,2024-06-13 11:06,ㅇㅇ,3906
arca,https://arca.live/b/hotdeal/108738832?p=9,9,커버낫 여름 시즌 오프 60%세일,15,커버낫,"15,900원",무료,의류,2024-06-13 09:20,ㅇㅇ,8877
arca,https://arca.live/b/hotdeal/108737198?p=9,2,미션 나초칩 라운드 500g,33,쿠팡,"3,500원",무료,먹거리,2024-06-13 08:59,ㅇㅇ,2947
arca,https://arca.live/b/hotdeal/108734394?p=9,12,신라면5+너구리5+짜파게티10 총 20봉,35,G마켓,"13,150원",무료,먹거리,2024-06-13 08:21,MK아웃,3697
arca,https://arca.live/b/hotdeal/108733539?p=9,10,MSI G274F IPS 게이밍 와이드 27인치 모니터 FHD 180hz 1ms,18,지마켓,"189,000원",무료,PC제품,2024-06-13 08:10,ㅇㅇ,6988
arca,https://arca.live/b/hotdeal/108728732?p=9,4,하이드로 더치커피 원두커피 원액 세하도 30ml 40팩,30,네이버,"9,900원",무료,먹거리,2024-06-13 07:04,두유띵,2803
arca,https://arca.live/b/hotdeal/108728632?p=9,12,신라명과 50%할인,42,네이버쇼핑,"3,900원",무료,먹거리,2024-06-13 07:03,gjapd,6482
arca,https://arca.live/b/hotdeal/108720320?p=9,6,"팔도 비락식혜 제로, 238ml, 24개",34,쿠팡,"10,400원",무료,먹거리,2024-06-13 04:59,KKK,3717
arca,https://arca.live/b/hotdeal/108718623?p=9,10,쁘띠첼 요거젤리 어린이 간식세트 5종 15개,35,쿠팡,"19,700원",무료,먹거리,2024-06-13 04:34,ㅇㅇ,3617
arca,https://arca.live/b/hotdeal/108710921?p=10,17,"오스트리아, 삼겹, 냉동, 절단, (2kg/15937)",74,알리익스프레스,"15,937원",무료,먹거리,2024-06-13 02:45,계란볶음밥헌터,7561
arca,https://arca.live/b/hotdeal/108709799?p=10,56,"오늘은 티몬 핫딜 모음 (밀카, 냉동블루베리, 양파, 부대찌개)",99,티몬,"3,990원",무료,먹거리,2024-06-13 02:28,벨벳,9133
arca,https://arca.live/b/hotdeal/108708509?p=10,4,도루코 마이셰프 1+1 애쉬블루 프라이팬 2종,22,11번가,"25,990원",무료,먹거리,2024-06-13 02:06,항뉴다,3282
arca,https://arca.live/b/hotdeal/108708419?p=10,9,아디다스 남성 쿨 드로즈,16,하프클럽,"3,900원","3,000원",의류,2024-06-13 02:04,파타고니,6407
arca,https://arca.live/b/hotdeal/108707426?p=10,5,(1+1)목우촌 주부9단 살코기햄 1kg,32,홈플러스,"12,990원","3,000원",먹거리,2024-06-13 01:47,회전김밥,3193
arca,https://arca.live/b/hotdeal/108706369?p=10,4,피죤 고농축 섬유유연제 보타닉 1L X 2개 + 1.6L X 2개,10,위메프플러스,"11,900원",무료,생활용품,2024-06-13 01:28,ㅇㅇ,2104
arca,https://arca.live/b/hotdeal/108705431?p=10,4,"몽크슈 액상 WITH 알룰로스, 530g, 1개",15,쿠팡,"5,960원",무료,먹거리,2024-06-13 01:11,ㅇㅇ,2817
arca,https://arca.live/b/hotdeal/108702209?p=10,14,필립스 일체형 접이식 스탠드,28,쿠팡,990원,무료,생활용품,2024-06-13 00:07,ㅇㅇ,9879
arca,https://arca.live/b/hotdeal/108700509?p=10,5,포스탈: 클래식 앤드 언컷,15,스토브,0원,무료,SW/게임,2024-06-12 23:22,Ehpa,4807
arca,https://arca.live/b/hotdeal/108700316?p=10,6,JONR 무선 진공 물걸레 청소기 ED11/ED12,22,인터파크,"102,770원",무료,가전제품,2024-06-12 23:16,082486,4033
arca,https://arca.live/b/hotdeal/108698973?p=10,7,제니 베이커리 4mix 320g,26,쿠팡,"17,000원",무료,먹거리,2024-06-12 22:25,덕아무개,4840
arca,https://arca.live/b/hotdeal/108698116?p=10,41,"보먹돼 삼겹,목살 (온라인)",108,홈플러스,"1,200원","3,000원",먹거리,2024-06-12 21:34,매옹이,8820
arca,https://arca.live/b/hotdeal/108689238?p=10,8,롯데시네마 2D 일반관람권,22,롯데온,"7,800원",무료,모바일/상품권,2024-06-12 16:00,Lud,4685
arca,https://arca.live/b/hotdeal/108688773?p=10,17,"엑스트라 버진오일 (오프라인 토,일 6.15 ~ 6.16)",115,홈플러스,"9,990원",무료,먹거리,2024-06-12 15:53,매옹이,7002
arca,https://arca.live/b/hotdeal/108688121?p=10,6,비비고 왕교자 1.05kg 2개+통새우만두 200g 2개,12,네이버,"15,800원","3,500원",먹거리,2024-06-12 15:42,ㅇㅇ,3158
arca,https://arca.live/b/hotdeal/108685551?p=10,11,백다다기 오이 2kg,40,카카오쇼핑,"7,000원",무료,먹거리,2024-06-12 15:06,삼먁삼보리,2676
arca,https://arca.live/b/hotdeal/108684278?p=10,6,구운닭알 60구,23,네이버쇼핑,"11,920원",무료,먹거리,2024-06-12 14:50,아보리지스,3022
arca,https://arca.live/b/hotdeal/108674921?p=10,4,낫소 샌들 5종,22,GS샵,"9,900원",무료,의류,2024-06-12 13:03,항뉴다,6321
arca,https://arca.live/b/hotdeal/108673765?p=10,6,국내산 한돈 수제 칼집 양념갈비 1kg 2팩,8,sk스토아,"20,216원",무료,먹거리,2024-06-12 12:50,킬리안,3086
arca,https://arca.live/b/hotdeal/108670315?p=10,14,스파오 브랜드데이 최대 80% 무배+무료반품,29,네이버,"6,380원",무료,의류,2024-06-12 12:13,그로,8496
arca,https://arca.live/b/hotdeal/108666907?p=10,7,종근당 락토핏 골드 생유산균 2g x 300포 (농협/삼성/국민),19,위메프플러스,"38,720원",무료,먹거리,2024-06-12 11:39,ㅇㅇ,2395
arca,https://arca.live/b/hotdeal/108666492?p=10,6,필립스 샤티넬 어드밴스 모근제거기 BRE710/10,54,SSG,"88,350원",무료,가전제품,2024-06-12 11:35,ㅇㅇ,6266
arca,https://arca.live/b/hotdeal/108665783?p=10,3,매직캔 리필봉투 250 20개입,10,네이버,"26,300원",무료,생활용품,2024-06-12 11:27,ㅇㅇ,3379
arca,https://arca.live/b/hotdeal/108665781?p=10,6,"오리온 초코파이 바나나 12p, 444g",36,쿠팡,"3,410원",무료,먹거리,2024-06-12 11:27,ㅇㅇ,3509
arca,https://arca.live/b/hotdeal/108665648?p=10,4,고메 소바바치킨 소이허니 순살 375g x 4개,27,알리익스프레스,"19,253원",무료,먹거리,2024-06-12 11:26,ㅇㅇ,3509
arca,https://arca.live/b/hotdeal/108665608?p=10,6,갤럭시탭 s9 128gb,15,네이버쇼핑,"714,710원",무료,가전제품,2024-06-12 11:25,판사님저는고양입니다,4103
arca,https://arca.live/b/hotdeal/108665174?p=10,14,배스킨라빈스 패밀리 아이스크림 교환권 25% 할인,20,마켓컬리,"19,500원",무료,모바일/상품권,2024-06-12 11:20,ㅇㅇ,6539
arca,https://arca.live/b/hotdeal/108664739?p=10,4,"폰타나 밀라노 크림치즈 로제 파스타소스, 610g",21,쿠팡,"2,890원",무료,먹거리,2024-06-12 11:16,ㅇㅇ,2565
arca,https://arca.live/b/hotdeal/108664647?p=10,5,피지오겔 데일리 모이스쳐 테라피 UV 패밀리 썬 로션 100ml,3,쿠팡,"15,000원",무료,화장품,2024-06-12 11:15,ㅇㅇ,3010
arca,https://arca.live/b/hotdeal/108664507?p=10,3,"가그린 제로 구강청결제, 100ml, 3개",12,쿠팡,"3,120원",무료,생활용품,2024-06-12 11:13,ㅇㅇ,2698
arca,https://arca.live/b/hotdeal/108664433?p=10,2,"농협 100 국산콩 통째로 검은콩 17곡 두유, 190ml, 32개",3,쿠팡,"12,090원",무료,먹거리,2024-06-12 11:12,ㅇㅇ,1344
arca,https://arca.live/b/hotdeal/108664388?p=10,6,u클전용)더미식 백미밥 210g 6개 x3 18개 + 보리쌀밥 2개증정,7,지마켓,"12,870원",무료,먹거리,2024-06-12 11:12,ㅇㅇ,1387
arca,https://arca.live/b/hotdeal/108664175?p=10,4,"LG 그램 PRO 360 터치펜포함,SSD업글,CPU업글(라이브시에만)",5,G마켓,"1,699,000원",무료,PC제품,2024-06-12 11:10,ㅇㅇ,3811
arca,https://arca.live/b/hotdeal/108661106?p=10,3,대구 동인동 매운왕찜갈비 800g 1팩,14,알리,"10,283원",무료,먹거리,2024-06-12 10:37,ㅇㅇ,2366
arca,https://arca.live/b/hotdeal/108658891?p=10,4,국내산 냉장 닭다리살 3kg 순살 당일발골 농협카드만,11,지마켓,"25,110원",무료,먹거리,2024-06-12 10:13,ㅇㅇ,2426
arca,https://arca.live/b/hotdeal/108657660?p=10,19,천년의 환생 - 후궁의 저주 / 포스탈: 클래식 앤드 언컷,53,스토브,0원,무료,SW/게임,2024-06-12 09:59,수면중독자,10639
arca,https://arca.live/b/hotdeal/108654082?p=10,12,갤럭시 버즈2프로 + 투명케이스 증정,31,카카오 쇼핑하기 톡딜,"125,100원",무료,가전제품,2024-06-12 09:22,간프마시,6634
arca,https://arca.live/b/hotdeal/108653379?p=10,2,한우 냉장 1++등급 구이용 등심 400g 농협카드,3,11번가,"21,900원",무료,먹거리,2024-06-12 09:15,ㅇㅇ,1248
arca,https://arca.live/b/hotdeal/108648039?p=10,12,VXE R1 시리즈 마우스 ATK F1시리즈 모음,60,티몬,"33,839원",무료,PC제품,2024-06-12 08:19,ㅇㅇ,8098
arca,https://arca.live/b/hotdeal/108647817?p=10,5,일화 부르르 제로사이다 250ml x 30캔 외,24,위메프,"9,700원",무료,먹거리,2024-06-12 08:17,MK아웃,1883
arca,https://arca.live/b/hotdeal/108646392?p=10,7,반건조 오징어(피데기) 5미+5미,16,네이버,"15,120원",무료,먹거리,2024-06-12 08:04,ㅇㅇ,2312
arca,https://arca.live/b/hotdeal/108643855?p=10,30,디스 워 오브 마인 (스팀 최저가),43,스팀,"4,300원",무료,SW/게임,2024-06-12 07:39,세상아덤벼라,5243
arca,https://arca.live/b/hotdeal/108642053?p=10,8,BIOHAZARD RE:4,30,steam,"33,600원",무료,SW/게임,2024-06-12 07:17,어쨌든귀여워,3903
arca,https://arca.live/b/hotdeal/108641810?p=10,8,The liittle nightmares 1 & 2 통합할인 75600 > 16800,4,steam,"16,800원",무료,SW/게임,2024-06-12 07:14,어쨌든귀여워,3421
arca,https://arca.live/b/hotdeal/108640923?p=10,3,반하나 옐로우는 물티슈,6,카카오쇼핑,"7,900원",무료,생활용품,2024-06-12 07:03,이류,2534
